time,ciudad,tmedia,tmax,tmin,dtr,latitude,longitude
2000-01-01,Arica,18.313,22.072,15.760,6.312,-18.500,-70.250
2000-01-01,Antofagasta,15.543,16.511,14.614,1.897,-23.750,-70.500
2000-01-01,La Serena,15.514,19.804,12.387,7.417,-30.000,-71.250
2000-01-01,Santiago,15.431,21.960,9.668,12.292,-33.500,-70.750
2000-01-01,Concepción,12.802,17.423,8.906,8.516,-36.750,-73.000
2000-01-01,Temuco,11.245,16.237,6.975,9.262,-38.750,-72.500
2000-01-01,Valdivia,11.281,14.342,8.522,5.820,-39.750,-73.250
2000-01-01,Puerto Montt,10.653,13.495,8.144,5.351,-41.500,-73.000
2000-01-01,Punta Arenas,4.917,7.174,2.779,4.395,-53.250,-71.000
2001-01-01,Arica,18.605,22.420,16.121,6.299,-18.500,-70.250
2001-01-01,Antofagasta,15.981,16.931,15.064,1.867,-23.750,-70.500
2001-01-01,La Serena,15.599,19.778,12.642,7.136,-30.000,-71.250
2001-01-01,Santiago,15.398,21.657,9.950,11.707,-33.500,-70.750
2001-01-01,Concepción,13.085,17.851,9.040,8.811,-36.750,-73.000
2001-01-01,Temuco,11.605,17.069,7.013,10.057,-38.750,-72.500
2001-01-01,Valdivia,11.455,14.743,8.538,6.205,-39.750,-73.250
2001-01-01,Puerto Montt,10.877,13.863,8.254,5.609,-41.500,-73.000
2001-01-01,Punta Arenas,4.880,7.204,2.700,4.505,-53.250,-71.000
2002-01-01,Arica,18.815,22.713,16.274,6.439,-18.500,-70.250
2002-01-01,Antofagasta,15.808,16.887,14.848,2.039,-23.750,-70.500
2002-01-01,La Serena,15.703,19.927,12.623,7.304,-30.000,-71.250
2002-01-01,Santiago,15.172,21.402,9.752,11.650,-33.500,-70.750
2002-01-01,Concepción,12.518,16.977,8.846,8.131,-36.750,-73.000
2002-01-01,Temuco,11.324,16.415,7.196,9.220,-38.750,-72.500
2002-01-01,Valdivia,11.375,14.387,8.793,5.594,-39.750,-73.250
2002-01-01,Puerto Montt,10.895,13.736,8.510,5.226,-41.500,-73.000
2002-01-01,Punta Arenas,4.790,7.103,2.620,4.483,-53.250,-71.000
2003-01-01,Arica,18.723,22.749,16.103,6.646,-18.500,-70.250
2003-01-01,Antofagasta,15.714,16.652,14.790,1.861,-23.750,-70.500
2003-01-01,La Serena,15.529,19.687,12.553,7.134,-30.000,-71.250
2003-01-01,Santiago,15.606,22.094,9.903,12.191,-33.500,-70.750
2003-01-01,Concepción,12.959,17.871,8.913,8.958,-36.750,-73.000
2003-01-01,Temuco,11.393,16.816,6.979,9.837,-38.750,-72.500
2003-01-01,Valdivia,11.578,14.809,8.754,6.054,-39.750,-73.250
2003-01-01,Puerto Montt,11.055,14.058,8.491,5.568,-41.500,-73.000
2003-01-01,Punta Arenas,5.643,8.046,3.487,4.558,-53.250,-71.000
2004-01-01,Arica,18.695,22.421,16.302,6.119,-18.500,-70.250
2004-01-01,Antofagasta,15.763,16.747,14.834,1.912,-23.750,-70.500
2004-01-01,La Serena,15.401,19.683,12.357,7.326,-30.000,-71.250
2004-01-01,Santiago,15.276,21.578,9.631,11.946,-33.500,-70.750
2004-01-01,Concepción,13.260,17.906,9.409,8.497,-36.750,-73.000
2004-01-01,Temuco,11.852,17.324,7.491,9.833,-38.750,-72.500
2004-01-01,Valdivia,11.883,15.288,8.992,6.296,-39.750,-73.250
2004-01-01,Puerto Montt,11.402,14.570,8.740,5.830,-41.500,-73.000
2004-01-01,Punta Arenas,5.927,8.370,3.644,4.725,-53.250,-71.000
2005-01-01,Arica,18.437,22.078,16.086,5.992,-18.500,-70.250
2005-01-01,Antofagasta,15.430,16.404,14.559,1.845,-23.750,-70.500
2005-01-01,La Serena,15.291,19.244,12.371,6.873,-30.000,-71.250
2005-01-01,Santiago,15.294,21.355,9.867,11.488,-33.500,-70.750
2005-01-01,Concepción,13.055,17.693,9.051,8.642,-36.750,-73.000
2005-01-01,Temuco,11.486,16.832,6.988,9.844,-38.750,-72.500
2005-01-01,Valdivia,11.466,14.765,8.537,6.228,-39.750,-73.250
2005-01-01,Puerto Montt,10.736,13.720,8.117,5.604,-41.500,-73.000
2005-01-01,Punta Arenas,5.338,7.831,3.033,4.799,-53.250,-71.000
2006-01-01,Arica,19.075,22.727,16.715,6.012,-18.500,-70.250
2006-01-01,Antofagasta,15.760,16.693,14.934,1.759,-23.750,-70.500
2006-01-01,La Serena,15.676,19.686,12.753,6.933,-30.000,-71.250
2006-01-01,Santiago,15.761,22.133,10.202,11.932,-33.500,-70.750
2006-01-01,Concepción,13.183,17.812,9.202,8.610,-36.750,-73.000
2006-01-01,Temuco,11.568,16.912,7.099,9.813,-38.750,-72.500
2006-01-01,Valdivia,11.510,14.766,8.588,6.178,-39.750,-73.250
2006-01-01,Puerto Montt,10.828,13.908,8.138,5.770,-41.500,-73.000
2006-01-01,Punta Arenas,5.734,8.166,3.478,4.688,-53.250,-71.000
2007-01-01,Arica,17.858,21.350,15.590,5.760,-18.500,-70.250
2007-01-01,Antofagasta,15.394,16.418,14.452,1.966,-23.750,-70.500
2007-01-01,La Serena,15.022,19.318,11.762,7.556,-30.000,-71.250
2007-01-01,Santiago,14.428,21.110,8.694,12.416,-33.500,-70.750
2007-01-01,Concepción,12.219,17.106,8.012,9.094,-36.750,-73.000
2007-01-01,Temuco,10.744,16.164,6.062,10.102,-38.750,-72.500
2007-01-01,Valdivia,10.764,14.091,7.771,6.319,-39.750,-73.250
2007-01-01,Puerto Montt,10.092,13.102,7.388,5.714,-41.500,-73.000
2007-01-01,Punta Arenas,5.302,7.660,3.110,4.550,-53.250,-71.000
2008-01-01,Arica,18.346,21.836,16.000,5.836,-18.500,-70.250
2008-01-01,Antofagasta,16.273,17.261,15.326,1.934,-23.750,-70.500
2008-01-01,La Serena,15.633,19.646,12.558,7.088,-30.000,-71.250
2008-01-01,Santiago,15.387,22.074,9.505,12.569,-33.500,-70.750
2008-01-01,Concepción,13.528,18.345,9.386,8.959,-36.750,-73.000
2008-01-01,Temuco,12.440,18.175,7.602,10.573,-38.750,-72.500
2008-01-01,Valdivia,12.183,15.669,9.023,6.646,-39.750,-73.250
2008-01-01,Puerto Montt,11.280,14.564,8.313,6.251,-41.500,-73.000
2008-01-01,Punta Arenas,5.635,8.070,3.315,4.755,-53.250,-71.000
2009-01-01,Arica,18.980,22.500,16.626,5.874,-18.500,-70.250
2009-01-01,Antofagasta,16.177,17.175,15.226,1.949,-23.750,-70.500
2009-01-01,La Serena,15.663,19.888,12.552,7.336,-30.000,-71.250
2009-01-01,Santiago,15.635,22.313,9.770,12.543,-33.500,-70.750
2009-01-01,Concepción,12.985,17.896,8.745,9.151,-36.750,-73.000
2009-01-01,Temuco,11.444,16.804,6.892,9.912,-38.750,-72.500
2009-01-01,Valdivia,11.435,14.734,8.432,6.302,-39.750,-73.250
2009-01-01,Puerto Montt,10.696,13.754,8.017,5.737,-41.500,-73.000
2009-01-01,Punta Arenas,5.223,7.565,3.122,4.443,-53.250,-71.000
2010-01-01,Arica,18.370,21.902,16.064,5.838,-18.500,-70.250
2010-01-01,Antofagasta,15.540,16.578,14.554,2.024,-23.750,-70.500
2010-01-01,La Serena,15.152,19.478,11.965,7.513,-30.000,-71.250
2010-01-01,Santiago,14.746,21.556,8.967,12.589,-33.500,-70.750
2010-01-01,Concepción,12.641,17.541,8.444,9.097,-36.750,-73.000
2010-01-01,Temuco,11.093,16.551,6.685,9.866,-38.750,-72.500
2010-01-01,Valdivia,10.970,14.228,8.108,6.120,-39.750,-73.250
2010-01-01,Puerto Montt,10.480,13.537,7.873,5.664,-41.500,-73.000
2010-01-01,Punta Arenas,5.128,7.647,2.853,4.794,-53.250,-71.000
2011-01-01,Arica,18.503,21.929,16.225,5.705,-18.500,-70.250
2011-01-01,Antofagasta,15.719,16.735,14.753,1.982,-23.750,-70.500
2011-01-01,La Serena,15.371,19.659,12.234,7.425,-30.000,-71.250
2011-01-01,Santiago,15.068,22.118,9.175,12.943,-33.500,-70.750
2011-01-01,Concepción,12.851,17.689,8.715,8.974,-36.750,-73.000
2011-01-01,Temuco,11.485,17.174,6.746,10.428,-38.750,-72.500
2011-01-01,Valdivia,11.418,14.892,8.395,6.497,-39.750,-73.250
2011-01-01,Puerto Montt,10.759,13.906,8.033,5.874,-41.500,-73.000
2011-01-01,Punta Arenas,5.241,7.685,2.992,4.693,-53.250,-71.000
2012-01-01,Arica,19.176,22.597,16.917,5.680,-18.500,-70.250
2012-01-01,Antofagasta,16.346,17.312,15.384,1.929,-23.750,-70.500
2012-01-01,La Serena,15.940,20.315,12.768,7.547,-30.000,-71.250
2012-01-01,Santiago,15.620,22.175,9.877,12.298,-33.500,-70.750
2012-01-01,Concepción,13.184,17.965,9.176,8.789,-36.750,-73.000
2012-01-01,Temuco,11.660,17.182,7.162,10.020,-38.750,-72.500
2012-01-01,Valdivia,11.503,14.851,8.593,6.258,-39.750,-73.250
2012-01-01,Puerto Montt,10.855,13.940,8.232,5.708,-41.500,-73.000
2012-01-01,Punta Arenas,5.242,7.542,3.099,4.442,-53.250,-71.000
2013-01-01,Arica,18.445,21.962,16.080,5.882,-18.500,-70.250
2013-01-01,Antofagasta,15.832,16.869,14.850,2.019,-23.750,-70.500
2013-01-01,La Serena,15.217,19.303,12.238,7.065,-30.000,-71.250
2013-01-01,Santiago,15.310,22.139,9.407,12.732,-33.500,-70.750
2013-01-01,Concepción,13.099,18.068,9.059,9.009,-36.750,-73.000
2013-01-01,Temuco,11.871,17.557,7.258,10.299,-38.750,-72.500
2013-01-01,Valdivia,11.885,15.404,8.829,6.575,-39.750,-73.250
2013-01-01,Puerto Montt,11.277,14.459,8.573,5.886,-41.500,-73.000
2013-01-01,Punta Arenas,5.867,8.253,3.645,4.608,-53.250,-71.000
2014-01-01,Arica,18.686,22.174,16.359,5.815,-18.500,-70.250
2014-01-01,Antofagasta,15.891,16.922,14.867,2.055,-23.750,-70.500
2014-01-01,La Serena,15.159,19.325,12.182,7.143,-30.000,-71.250
2014-01-01,Santiago,15.207,21.972,9.471,12.501,-33.500,-70.750
2014-01-01,Concepción,13.121,17.658,9.302,8.356,-36.750,-73.000
2014-01-01,Temuco,11.662,16.905,7.276,9.629,-38.750,-72.500
2014-01-01,Valdivia,11.624,14.836,8.760,6.075,-39.750,-73.250
2014-01-01,Puerto Montt,10.979,14.039,8.336,5.702,-41.500,-73.000
2014-01-01,Punta Arenas,5.432,7.807,3.242,4.564,-53.250,-71.000
2015-01-01,Arica,19.608,22.965,17.506,5.460,-18.500,-70.250
2015-01-01,Antofagasta,16.654,17.691,15.650,2.040,-23.750,-70.500
2015-01-01,La Serena,15.837,19.806,12.951,6.856,-30.000,-71.250
2015-01-01,Santiago,15.881,22.599,10.069,12.530,-33.500,-70.750
2015-01-01,Concepción,13.573,18.404,9.399,9.005,-36.750,-73.000
2015-01-01,Temuco,12.270,17.878,7.469,10.409,-38.750,-72.500
2015-01-01,Valdivia,12.072,15.548,8.946,6.602,-39.750,-73.250
2015-01-01,Puerto Montt,11.312,14.508,8.571,5.937,-41.500,-73.000
2015-01-01,Punta Arenas,5.370,7.683,3.148,4.535,-53.250,-71.000
2016-01-01,Arica,19.507,23.194,17.094,6.100,-18.500,-70.250
2016-01-01,Antofagasta,16.625,17.689,15.597,2.093,-23.750,-70.500
2016-01-01,La Serena,16.293,20.360,13.281,7.079,-30.000,-71.250
2016-01-01,Santiago,16.180,22.691,10.537,12.154,-33.500,-70.750
2016-01-01,Concepción,13.727,18.451,9.667,8.784,-36.750,-73.000
2016-01-01,Temuco,12.395,18.380,7.443,10.938,-38.750,-72.500
2016-01-01,Valdivia,12.078,15.814,8.875,6.939,-39.750,-73.250
2016-01-01,Puerto Montt,11.551,14.981,8.659,6.322,-41.500,-73.000
2016-01-01,Punta Arenas,6.226,8.866,3.840,5.026,-53.250,-71.000
2017-01-01,Arica,19.069,22.751,16.669,6.082,-18.500,-70.250
2017-01-01,Antofagasta,16.197,17.199,15.179,2.019,-23.750,-70.500
2017-01-01,La Serena,15.989,20.120,12.916,7.205,-30.000,-71.250
2017-01-01,Santiago,15.652,22.106,10.115,11.991,-33.500,-70.750
2017-01-01,Concepción,13.227,18.006,9.096,8.911,-36.750,-73.000
2017-01-01,Temuco,11.663,17.141,7.053,10.089,-38.750,-72.500
2017-01-01,Valdivia,11.782,15.017,8.914,6.103,-39.750,-73.250
2017-01-01,Puerto Montt,11.161,14.154,8.591,5.563,-41.500,-73.000
2017-01-01,Punta Arenas,6.125,8.677,3.777,4.900,-53.250,-71.000
2018-01-01,Arica,18.935,22.662,16.580,6.082,-18.500,-70.250
2018-01-01,Antofagasta,15.876,16.892,14.838,2.053,-23.750,-70.500
2018-01-01,La Serena,15.720,19.952,12.694,7.258,-30.000,-71.250
2018-01-01,Santiago,15.755,22.376,10.058,12.318,-33.500,-70.750
2018-01-01,Concepción,12.796,17.568,8.769,8.799,-36.750,-73.000
2018-01-01,Temuco,11.368,17.098,6.704,10.395,-38.750,-72.500
2018-01-01,Valdivia,11.392,14.843,8.402,6.441,-39.750,-73.250
2018-01-01,Puerto Montt,10.823,13.996,8.134,5.862,-41.500,-73.000
2018-01-01,Punta Arenas,5.617,8.176,3.233,4.943,-53.250,-71.000
2019-01-01,Arica,18.758,22.319,16.461,5.858,-18.500,-70.250
2019-01-01,Antofagasta,15.880,16.883,14.923,1.961,-23.750,-70.500
2019-01-01,La Serena,15.594,20.057,12.279,7.778,-30.000,-71.250
2019-01-01,Santiago,16.277,23.240,10.205,13.035,-33.500,-70.750
2019-01-01,Concepción,13.267,18.288,9.137,9.151,-36.750,-73.000
2019-01-01,Temuco,11.790,17.577,7.103,10.474,-38.750,-72.500
2019-01-01,Valdivia,11.502,15.090,8.474,6.616,-39.750,-73.250
2019-01-01,Puerto Montt,10.810,13.894,8.079,5.815,-41.500,-73.000
2019-01-01,Punta Arenas,6.032,8.511,3.738,4.773,-53.250,-71.000
2020-01-01,Arica,19.013,22.566,16.415,6.151,-18.500,-70.250
2020-01-01,Antofagasta,15.948,16.913,15.026,1.887,-23.750,-70.500
2020-01-01,La Serena,15.209,20.245,11.614,8.631,-30.000,-71.250
2020-01-01,Santiago,16.074,23.513,9.840,13.673,-33.500,-70.750
2020-01-01,Concepción,13.202,18.361,8.788,9.573,-36.750,-73.000
2020-01-01,Temuco,11.685,17.696,6.851,10.844,-38.750,-72.500
2020-01-01,Valdivia,11.640,15.244,8.539,6.704,-39.750,-73.250
2020-01-01,Puerto Montt,10.947,14.010,8.327,5.683,-41.500,-73.000
2020-01-01,Punta Arenas,6.060,8.490,3.886,4.604,-53.250,-71.000
2021-01-01,Arica,18.478,21.945,16.015,5.930,-18.500,-70.250
2021-01-01,Antofagasta,15.496,16.473,14.549,1.923,-23.750,-70.500
2021-01-01,La Serena,14.996,20.026,11.389,8.637,-30.000,-71.250
2021-01-01,Santiago,15.344,22.870,9.148,13.722,-33.500,-70.750
2021-01-01,Concepción,13.075,18.076,8.930,9.146,-36.750,-73.000
2021-01-01,Temuco,11.891,18.104,6.930,11.174,-38.750,-72.500
2021-01-01,Valdivia,11.801,15.665,8.618,7.048,-39.750,-73.250
2021-01-01,Puerto Montt,11.152,14.351,8.428,5.923,-41.500,-73.000
2021-01-01,Punta Arenas,6.578,9.095,4.238,4.857,-53.250,-71.000
2022-01-01,Arica,17.910,21.614,15.278,6.336,-18.500,-70.250
2022-01-01,Antofagasta,15.098,16.056,14.156,1.900,-23.750,-70.500
2022-01-01,La Serena,14.870,19.646,11.486,8.160,-30.000,-71.250
2022-01-01,Santiago,15.302,22.622,9.051,13.571,-33.500,-70.750
2022-01-01,Concepción,12.787,17.573,8.737,8.836,-36.750,-73.000
2022-01-01,Temuco,11.420,17.190,6.690,10.499,-38.750,-72.500
2022-01-01,Valdivia,11.230,14.788,8.173,6.615,-39.750,-73.250
2022-01-01,Puerto Montt,10.634,13.826,7.924,5.902,-41.500,-73.000
2022-01-01,Punta Arenas,5.953,8.541,3.562,4.979,-53.250,-71.000
2023-01-01,Arica,19.648,23.851,16.670,7.181,-18.500,-70.250
2023-01-01,Antofagasta,16.627,17.589,15.677,1.913,-23.750,-70.500
2023-01-01,La Serena,15.833,21.520,11.808,9.712,-30.000,-71.250
2023-01-01,Santiago,16.068,23.150,10.060,13.090,-33.500,-70.750
2023-01-01,Concepción,13.103,18.042,8.840,9.202,-36.750,-73.000
2023-01-01,Temuco,11.621,17.501,6.756,10.746,-38.750,-72.500
2023-01-01,Valdivia,11.341,14.779,8.285,6.494,-39.750,-73.250
2023-01-01,Puerto Montt,10.705,13.687,8.106,5.580,-41.500,-73.000
2023-01-01,Punta Arenas,5.275,7.808,3.007,4.801,-53.250,-71.000
2024-01-01,Arica,18.797,23.276,15.731,7.545,-18.500,-70.250
2024-01-01,Antofagasta,15.984,16.962,15.067,1.895,-23.750,-70.500
2024-01-01,La Serena,15.080,20.533,11.154,9.379,-30.000,-71.250
2024-01-01,Santiago,15.651,23.082,9.527,13.555,-33.500,-70.750
2024-01-01,Concepción,12.672,17.685,8.339,9.346,-36.750,-73.000
2024-01-01,Temuco,11.451,17.521,6.439,11.082,-38.750,-72.500
2024-01-01,Valdivia,11.267,14.841,8.097,6.744,-39.750,-73.250
2024-01-01,Puerto Montt,10.708,13.832,8.023,5.810,-41.500,-73.000
2024-01-01,Punta Arenas,5.797,8.339,3.576,4.763,-53.250,-71.000
2025-01-01,Arica,18.634,22.990,15.539,7.451,-18.500,-70.250
2025-01-01,Antofagasta,15.881,16.845,14.975,1.869,-23.750,-70.500
2025-01-01,La Serena,15.434,20.952,11.466,9.486,-30.000,-71.250
2025-01-01,Santiago,15.893,23.761,9.231,14.529,-33.500,-70.750
2025-01-01,Concepción,13.368,18.675,8.759,9.916,-36.750,-73.000
2025-01-01,Temuco,12.001,17.978,7.059,10.919,-38.750,-72.500
2025-01-01,Valdivia,11.915,15.334,8.829,6.506,-39.750,-73.250
2025-01-01,Puerto Montt,11.467,14.570,8.795,5.775,-41.500,-73.000
2025-01-01,Punta Arenas,6.089,8.556,3.905,4.651,-53.250,-71.000
