time,zona,txx,txn,tnx,tnn,fd,id,su,tr,tx90p,tn10p,racha_calida,racha_heladas,gdd,hdd
2000-01-01,Norte Grande,24.562,7.164,12.692,-4.087,79.882,4.138,61.342,0.066,4.747,14.445,3.902,40.474,1412.185,2386.733
2000-01-01,Norte Chico,23.068,-0.577,13.637,-11.086,110.911,35.528,23.286,0.000,4.704,11.512,3.578,75.466,1084.454,3389.596
2000-01-01,Centro,27.851,3.145,14.155,-6.941,66.997,16.530,47.745,0.000,5.317,9.495,2.922,33.951,1071.383,2847.270
2000-01-01,Sur,26.696,3.351,13.942,-5.090,41.194,1.742,6.870,0.000,5.408,11.230,2.854,7.101,532.559,3156.567
2000-01-01,Austral,19.286,-3.995,10.819,-10.396,113.382,24.966,0.153,0.000,4.881,14.417,3.505,32.954,58.139,4992.847
2000-01-01,Chile,23.291,1.248,12.566,-7.721,88.428,16.883,25.667,0.017,4.951,12.931,3.449,37.456,741.535,3573.698
2001-01-01,Norte Grande,24.889,10.330,13.415,-2.607,72.465,0.668,68.235,0.331,8.648,8.713,4.899,28.292,1504.689,2242.143
2001-01-01,Norte Chico,23.725,3.449,14.228,-8.731,103.223,27.829,28.845,0.018,9.136,9.898,4.428,60.797,1149.106,3188.629
2001-01-01,Centro,29.069,4.476,15.850,-7.123,63.704,16.414,50.867,0.078,8.054,10.466,3.910,29.986,1150.522,2749.884
2001-01-01,Sur,26.789,4.156,14.713,-4.533,40.492,0.757,12.094,0.000,8.310,11.002,4.022,6.529,625.891,3017.416
2001-01-01,Austral,16.651,-4.787,9.899,-11.148,114.366,24.933,0.008,0.000,4.678,12.016,3.285,34.374,51.018,4966.714
2001-01-01,Chile,22.751,2.652,12.846,-7.194,85.260,14.707,29.311,0.095,7.273,10.539,4.042,32.145,795.154,3466.865
2002-01-01,Norte Grande,24.917,5.157,13.266,-6.452,73.269,8.375,78.249,0.329,12.150,10.531,5.667,35.377,1577.073,2273.235
2002-01-01,Norte Chico,23.256,0.614,13.189,-9.898,107.719,38.787,29.576,0.000,7.197,10.985,3.460,74.090,1140.837,3334.198
2002-01-01,Centro,27.932,3.237,14.310,-6.650,69.400,16.796,41.620,0.000,4.762,9.542,3.937,32.193,1049.531,2894.679
2002-01-01,Sur,30.081,3.525,15.202,-5.194,40.081,1.237,14.700,0.000,5.292,9.271,3.344,8.506,587.139,3131.656
2002-01-01,Austral,21.325,-3.790,11.414,-10.690,114.342,26.299,0.839,0.000,4.746,13.751,2.976,23.989,77.261,4998.363
2002-01-01,Chile,24.594,1.026,13.046,-8.216,86.748,18.830,31.466,0.083,7.046,11.369,3.892,32.973,802.917,3541.014
2003-01-01,Norte Grande,26.024,10.614,13.799,-2.803,72.126,0.985,78.752,0.136,12.987,7.529,5.810,35.687,1590.794,2093.489
2003-01-01,Norte Chico,23.926,3.969,13.532,-8.168,96.851,21.362,27.614,0.000,9.953,6.516,4.474,62.928,1198.128,2962.258
2003-01-01,Centro,29.184,4.182,14.817,-7.178,62.085,11.506,45.723,0.022,8.982,9.540,4.589,29.105,1131.747,2664.674
2003-01-01,Sur,27.820,4.556,14.613,-5.267,37.544,0.646,11.242,0.000,9.717,9.205,4.597,6.004,601.444,3012.458
2003-01-01,Austral,17.787,-1.552,10.965,-7.293,90.566,11.740,0.025,0.000,9.064,7.071,5.766,16.478,58.553,4692.630
2003-01-01,Chile,23.610,3.903,13.056,-5.986,75.658,8.814,31.022,0.037,10.264,7.716,5.272,28.154,820.641,3293.569
2004-01-01,Norte Grande,25.044,10.059,12.795,-3.179,74.107,1.342,71.081,0.093,8.521,9.184,5.607,34.632,1524.517,2209.499
2004-01-01,Norte Chico,23.128,1.818,13.063,-9.845,104.266,25.092,26.495,0.000,7.061,9.635,4.069,66.099,1136.448,3140.172
2004-01-01,Centro,28.112,4.250,14.913,-6.731,63.676,15.189,46.474,0.000,5.805,8.172,3.319,28.515,1128.775,2747.223
2004-01-01,Sur,30.656,4.267,15.535,-4.966,36.962,0.544,17.651,0.000,10.137,7.344,3.920,5.735,726.005,2884.196
2004-01-01,Austral,22.707,-2.763,12.375,-9.740,89.536,12.337,1.692,0.002,12.565,6.987,4.166,19.443,146.797,4498.582
2004-01-01,Chile,25.174,3.008,13.352,-7.047,77.013,10.085,30.520,0.024,9.563,8.125,4.374,29.237,842.250,3275.375
2005-01-01,Norte Grande,25.083,8.341,13.512,-4.116,76.851,3.149,63.560,0.245,7.970,11.070,5.290,34.957,1476.877,2267.046
2005-01-01,Norte Chico,24.136,0.342,13.674,-11.779,110.381,34.101,20.875,0.024,6.681,15.159,4.731,76.448,1107.273,3314.030
2005-01-01,Centro,28.880,4.106,15.183,-5.878,64.275,16.133,41.860,0.000,4.371,9.763,2.498,30.954,1091.559,2782.020
2005-01-01,Sur,30.838,2.746,15.476,-4.995,45.150,1.636,15.158,0.000,5.526,10.978,3.071,6.594,636.544,3082.028
2005-01-01,Austral,22.632,-3.516,11.919,-9.833,108.581,19.608,1.309,0.002,8.465,10.677,4.987,27.922,125.440,4751.720
2005-01-01,Chile,25.427,1.868,13.494,-7.499,86.235,14.571,26.752,0.066,7.151,11.370,4.443,34.100,801.261,3433.182
2006-01-01,Norte Grande,25.378,11.616,13.611,-1.622,71.692,1.651,69.705,0.392,8.719,5.452,4.685,33.152,1585.564,2094.225
2006-01-01,Norte Chico,24.109,3.829,13.972,-8.021,96.841,21.808,26.076,0.006,11.377,5.782,5.965,59.654,1254.884,2894.667
2006-01-01,Centro,28.524,4.743,15.371,-6.032,58.775,11.635,43.981,0.007,10.186,7.463,5.295,29.729,1144.909,2612.494
2006-01-01,Sur,29.059,4.731,15.002,-5.241,39.473,0.708,12.811,0.000,9.934,10.921,4.942,6.745,598.392,3014.929
2006-01-01,Austral,20.296,-2.384,11.149,-10.237,101.083,16.363,0.326,0.000,8.455,9.536,3.830,25.151,82.839,4729.392
2006-01-01,Chile,24.414,3.949,13.259,-6.509,78.940,10.615,28.646,0.100,9.379,7.909,4.700,30.115,836.973,3290.077
2007-01-01,Norte Grande,25.224,10.017,13.217,-3.644,77.928,3.251,64.673,0.160,7.098,14.133,4.969,35.664,1463.239,2281.872
2007-01-01,Norte Chico,24.723,1.387,13.444,-11.352,109.029,36.704,27.627,0.000,7.203,16.556,4.170,69.288,1098.957,3376.199
2007-01-01,Centro,28.513,1.923,14.793,-8.557,82.538,19.378,42.947,0.007,4.615,18.229,2.548,40.676,1003.586,3105.397
2007-01-01,Sur,29.412,1.471,14.670,-8.680,62.261,3.933,11.512,0.000,4.243,17.715,2.725,12.497,566.305,3332.952
2007-01-01,Austral,21.012,-3.074,10.545,-9.903,113.069,16.990,0.657,0.000,6.992,12.944,4.110,25.601,77.732,4852.573
2007-01-01,Chile,24.755,2.138,12.762,-8.206,92.524,14.837,27.409,0.041,6.359,15.115,3.942,34.488,759.728,3555.718
2008-01-01,Norte Grande,24.377,9.847,12.949,-2.907,87.601,0.931,57.898,0.120,3.785,17.642,2.881,40.603,1378.373,2362.200
2008-01-01,Norte Chico,22.560,1.880,13.595,-9.711,109.301,28.001,23.454,0.000,3.227,10.549,2.543,71.957,1124.973,3240.638
2008-01-01,Centro,28.407,4.575,15.076,-5.736,65.788,15.855,58.263,0.000,7.242,6.948,3.397,35.675,1212.265,2728.657
2008-01-01,Sur,30.447,4.607,16.526,-5.195,40.509,0.409,28.953,0.033,14.647,7.958,4.450,6.918,873.264,2790.309
2008-01-01,Austral,22.397,-2.465,12.348,-9.928,108.931,19.869,2.725,0.006,13.097,11.508,5.474,29.732,181.541,4638.705
2008-01-01,Chile,24.825,3.152,13.625,-6.935,88.392,12.988,30.195,0.037,8.821,11.831,3.989,36.077,847.198,3359.299
2009-01-01,Norte Grande,25.470,7.750,12.900,-3.857,77.439,3.311,71.964,0.121,8.902,10.411,6.170,35.323,1543.157,2214.288
2009-01-01,Norte Chico,23.514,0.560,12.620,-11.491,102.476,28.396,28.624,0.000,10.023,9.665,6.193,62.986,1201.518,3108.565
2009-01-01,Centro,28.621,3.114,13.861,-8.347,64.563,14.974,54.300,0.000,9.635,10.516,4.933,29.989,1153.425,2727.118
2009-01-01,Sur,29.205,3.566,14.392,-5.751,45.783,0.733,15.636,0.000,8.920,11.558,4.656,7.751,644.364,3071.169
2009-01-01,Austral,19.810,-0.974,11.400,-6.980,111.222,13.480,0.177,0.000,5.810,12.503,4.046,22.180,88.349,4834.391
2009-01-01,Chile,24.220,2.600,12.693,-6.849,86.225,11.450,31.205,0.030,8.127,11.180,5.092,30.338,828.060,3408.970
2010-01-01,Norte Grande,25.658,6.319,13.534,-3.806,75.099,4.332,69.402,0.222,11.330,14.060,5.858,31.896,1484.792,2238.535
2010-01-01,Norte Chico,23.975,-0.838,13.630,-11.243,110.130,34.107,27.404,0.006,7.348,14.229,4.373,73.683,1092.674,3359.909
2010-01-01,Centro,28.780,2.388,15.147,-7.402,74.075,17.581,46.042,0.043,6.189,14.791,3.237,41.997,1039.955,2939.614
2010-01-01,Sur,27.562,2.873,14.456,-5.611,47.020,1.571,9.749,0.000,6.524,12.681,3.152,9.998,548.653,3182.865
2010-01-01,Austral,19.415,-2.879,10.376,-11.047,104.415,16.529,0.390,0.000,6.975,12.767,4.114,22.726,62.721,4844.746
2010-01-01,Chile,23.982,1.209,12.824,-8.023,85.831,14.007,28.590,0.062,7.960,13.540,4.342,33.027,761.021,3497.756
2011-01-01,Norte Grande,24.519,7.526,13.451,-4.623,74.882,5.353,58.948,0.151,6.012,13.822,4.088,31.473,1459.575,2289.471
2011-01-01,Norte Chico,23.121,-0.696,13.698,-11.091,104.187,32.809,23.049,0.000,5.641,9.968,3.962,70.835,1130.534,3237.152
2011-01-01,Centro,27.407,2.143,14.759,-8.052,73.595,16.964,49.825,0.000,7.466,12.876,4.440,35.514,1088.926,2890.836
2011-01-01,Sur,29.774,3.161,15.572,-5.354,45.854,1.691,21.904,0.000,10.902,11.322,5.080,7.139,676.811,3045.674
2011-01-01,Austral,21.755,-1.278,11.480,-8.505,100.621,11.843,2.052,0.000,8.831,8.888,3.980,21.682,120.119,4691.632
2011-01-01,Chile,24.509,2.080,13.298,-7.398,83.402,12.448,28.118,0.038,7.790,11.125,4.221,30.947,804.153,3415.271
2012-01-01,Norte Grande,24.419,10.868,13.586,-2.115,69.258,1.606,63.558,0.426,7.883,6.535,5.356,31.046,1531.697,2184.117
2012-01-01,Norte Chico,23.101,3.245,13.657,-9.475,98.356,26.040,25.663,0.000,8.039,6.440,4.483,63.365,1208.425,3063.794
2012-01-01,Centro,28.765,3.425,15.439,-6.799,64.386,12.896,51.469,0.000,8.857,7.603,3.638,29.177,1179.251,2687.964
2012-01-01,Sur,29.166,2.828,15.914,-5.634,41.135,1.018,16.162,0.000,9.567,8.690,4.121,7.872,677.939,2988.477
2012-01-01,Austral,18.929,-2.154,11.171,-9.701,99.812,13.928,0.581,0.000,7.764,9.174,4.337,21.074,99.698,4725.273
2012-01-01,Chile,23.613,3.314,13.355,-6.819,79.053,10.613,28.528,0.107,8.231,7.847,4.497,28.872,838.044,3341.503
2013-01-01,Norte Grande,25.204,6.884,14.172,-4.397,77.059,5.082,61.211,0.263,5.073,12.802,3.406,37.797,1478.262,2305.714
2013-01-01,Norte Chico,24.237,2.323,14.893,-10.600,103.623,31.789,24.070,0.050,6.383,11.117,4.182,70.177,1137.654,3237.019
2013-01-01,Centro,29.265,3.756,16.014,-7.617,68.694,14.503,52.503,0.021,10.220,11.298,4.845,28.560,1144.555,2777.270
2013-01-01,Sur,31.162,3.761,16.813,-5.913,41.556,0.915,23.894,0.005,12.816,9.594,5.234,7.264,777.363,2882.456
2013-01-01,Austral,22.279,-1.592,12.017,-9.452,90.941,11.038,2.310,0.006,14.073,8.652,7.185,17.161,160.914,4484.239
2013-01-01,Chile,25.449,2.543,14.169,-7.614,79.409,11.549,29.539,0.079,10.029,10.516,5.225,30.099,844.976,3312.400
2014-01-01,Norte Grande,24.559,7.006,13.159,-4.467,73.774,4.117,64.135,0.105,6.461,10.198,4.773,33.947,1498.956,2219.251
2014-01-01,Norte Chico,23.143,1.334,13.326,-10.365,101.458,26.427,19.116,0.000,6.563,9.632,4.805,65.629,1109.877,3161.223
2014-01-01,Centro,28.771,3.411,15.340,-6.210,67.157,15.292,50.760,0.000,7.324,10.114,6.037,32.455,1098.294,2799.722
2014-01-01,Sur,29.234,4.474,14.854,-3.241,33.247,0.654,12.575,0.000,8.049,8.437,4.164,4.925,605.675,2991.889
2014-01-01,Austral,19.105,-1.640,11.298,-8.992,91.460,10.262,0.386,0.000,10.433,10.897,5.449,13.959,81.706,4677.103
2014-01-01,Chile,23.724,2.474,13.075,-6.881,77.037,10.314,27.030,0.026,8.140,10.080,5.068,27.524,788.876,3362.675
2015-01-01,Norte Grande,25.267,7.662,13.828,-2.497,66.363,2.753,76.477,0.616,13.940,5.226,6.333,27.803,1664.959,2094.205
2015-01-01,Norte Chico,23.801,1.185,14.210,-9.806,100.869,34.101,26.470,0.031,10.659,8.443,6.688,66.701,1248.057,3123.846
2015-01-01,Centro,29.498,4.878,14.775,-6.162,63.263,12.372,59.177,0.007,12.638,7.455,6.264,27.467,1233.206,2627.703
2015-01-01,Sur,28.330,4.335,14.439,-4.795,36.260,0.523,21.582,0.000,12.330,8.045,4.498,5.266,774.319,2814.576
2015-01-01,Austral,21.150,-0.471,11.012,-6.781,98.266,10.764,1.026,0.000,10.477,10.730,4.385,16.658,114.109,4612.365
2015-01-01,Chile,24.637,3.165,13.148,-5.788,77.333,10.899,33.763,0.160,11.906,8.222,5.458,26.488,902.766,3257.369
2016-01-01,Norte Grande,25.793,7.489,14.097,-3.114,70.219,3.643,81.148,0.772,13.873,5.729,5.801,32.231,1677.404,2079.804
2016-01-01,Norte Chico,24.732,1.935,14.597,-8.199,98.327,35.418,36.668,0.018,12.107,4.957,5.275,66.916,1352.453,3033.299
2016-01-01,Centro,29.631,5.218,15.565,-4.885,58.842,13.941,59.792,0.028,11.720,4.392,4.989,30.586,1310.650,2553.607
2016-01-01,Sur,29.248,5.683,14.934,-4.055,31.377,0.038,24.222,0.000,16.789,5.701,5.219,4.360,816.526,2709.531
2016-01-01,Austral,21.144,-0.003,11.170,-7.800,90.632,8.020,1.196,0.000,20.351,8.300,7.412,15.908,147.300,4444.535
2016-01-01,Chile,25.055,3.627,13.494,-5.783,74.124,10.520,36.958,0.200,15.941,6.307,6.078,27.625,947.962,3159.978
2017-01-01,Norte Grande,25.821,7.256,13.511,-4.120,73.948,5.509,74.221,1.141,9.717,10.250,6.201,34.493,1554.163,2238.817
2017-01-01,Norte Chico,24.455,1.018,14.920,-8.936,101.391,35.134,33.050,0.104,8.874,7.313,5.311,67.416,1238.320,3161.936
2017-01-01,Centro,32.071,3.146,16.937,-7.469,68.710,16.472,57.766,0.198,9.073,7.692,5.219,32.752,1223.605,2771.314
2017-01-01,Sur,30.332,2.952,16.691,-6.126,44.042,0.791,17.252,0.011,8.131,7.831,4.203,7.293,718.269,2995.242
2017-01-01,Austral,18.971,-2.906,11.223,-9.634,86.715,11.099,0.068,0.000,10.603,6.096,4.815,17.149,97.690,4557.004
2017-01-01,Chile,24.750,1.813,13.836,-7.373,77.254,12.391,33.045,0.327,9.578,7.764,5.195,29.372,858.704,3324.620
2018-01-01,Norte Grande,25.556,8.248,13.429,-3.572,72.707,4.448,74.778,0.105,10.155,9.017,5.308,35.822,1568.513,2182.873
2018-01-01,Norte Chico,23.824,1.370,13.752,-9.789,98.486,27.739,26.925,0.000,8.245,6.309,4.323,61.419,1243.719,3026.427
2018-01-01,Centro,28.494,2.795,15.168,-7.802,64.825,12.908,51.072,0.000,7.464,8.443,3.466,28.881,1168.622,2695.398
2018-01-01,Sur,28.968,3.453,15.421,-4.947,46.889,1.200,18.015,0.000,7.302,11.830,3.070,7.601,655.775,3061.164
2018-01-01,Austral,19.979,-1.747,12.285,-8.790,104.153,14.878,0.249,0.000,8.276,9.768,3.777,17.612,110.329,4696.474
2018-01-01,Chile,24.293,2.531,13.597,-6.947,82.282,11.923,31.639,0.026,8.501,9.210,4.100,28.550,851.503,3337.591
2019-01-01,Norte Grande,25.867,8.584,14.623,-3.638,65.833,1.368,80.896,0.894,17.182,6.259,6.093,27.553,1632.322,2044.343
2019-01-01,Norte Chico,25.628,3.236,15.108,-8.567,93.726,21.292,34.480,0.012,16.623,6.227,6.422,55.367,1269.048,2877.021
2019-01-01,Centro,30.327,4.594,15.522,-5.976,59.138,12.163,67.741,0.057,16.102,7.944,5.915,23.282,1282.731,2554.815
2019-01-01,Sur,33.462,4.232,16.399,-3.962,38.688,0.651,19.311,0.060,10.060,10.087,4.267,5.657,657.773,2982.814
2019-01-01,Austral,25.314,-1.686,11.824,-8.962,91.091,10.760,1.469,0.002,10.801,9.862,4.424,16.214,89.498,4622.977
2019-01-01,Chile,27.300,3.243,14.129,-6.475,73.604,8.652,36.909,0.242,13.795,8.222,5.296,24.152,878.424,3227.729
2020-01-01,Norte Grande,25.558,9.907,15.067,-2.004,63.805,1.459,73.717,1.162,12.379,5.538,5.989,25.253,1620.801,2071.139
2020-01-01,Norte Chico,24.121,2.317,14.639,-9.477,96.992,23.257,31.233,0.000,13.510,8.163,5.369,56.871,1197.320,2997.125
2020-01-01,Centro,29.607,4.560,15.725,-5.713,60.021,13.169,73.655,0.007,19.265,8.655,6.758,29.249,1288.276,2544.127
2020-01-01,Sur,29.594,4.226,14.756,-3.681,41.358,1.277,22.976,0.000,12.540,9.131,5.175,6.794,710.060,2964.324
2020-01-01,Austral,21.131,-3.284,11.251,-9.479,94.867,20.193,0.295,0.000,12.029,7.485,4.591,30.980,132.950,4575.181
2020-01-01,Chile,24.949,2.901,13.764,-6.300,75.336,12.329,35.491,0.292,13.288,7.480,5.405,29.620,887.776,3232.220
2021-01-01,Norte Grande,24.843,10.249,13.348,-2.754,73.897,2.858,58.431,0.062,4.012,9.362,3.944,31.627,1483.570,2250.560
2021-01-01,Norte Chico,23.413,1.551,13.422,-10.264,104.851,25.203,23.814,0.000,8.777,15.370,4.721,63.385,1086.047,3187.569
2021-01-01,Centro,28.788,4.367,14.742,-6.840,64.475,10.690,54.135,0.000,14.980,11.385,6.201,29.408,1147.266,2659.517
2021-01-01,Sur,31.789,4.746,15.040,-4.370,37.848,0.244,27.139,0.000,16.250,8.248,5.660,6.465,764.025,2837.891
2021-01-01,Austral,22.975,0.012,11.588,-6.832,77.514,7.522,1.687,0.000,17.230,5.354,5.628,14.874,162.478,4329.373
2021-01-01,Chile,25.503,4.027,13.188,-5.957,73.259,8.284,29.269,0.016,12.252,8.993,5.146,26.772,837.585,3218.741
2022-01-01,Norte Grande,24.372,9.977,12.964,-3.423,86.827,3.038,52.431,0.074,2.840,21.949,3.105,36.229,1361.003,2422.985
2022-01-01,Norte Chico,23.443,-0.459,13.063,-9.244,111.957,33.402,24.667,0.000,6.305,15.049,5.052,72.893,1024.854,3403.064
2022-01-01,Centro,29.346,2.719,14.426,-6.899,68.600,15.984,61.165,0.000,10.158,11.839,5.538,37.607,1124.297,2813.849
2022-01-01,Sur,29.382,3.237,14.889,-5.698,49.745,1.599,20.701,0.000,10.644,11.420,5.038,8.514,699.668,3075.697
2022-01-01,Austral,21.788,-2.649,11.450,-9.727,95.770,17.427,0.642,0.000,11.305,9.968,4.203,24.358,118.744,4645.974
2022-01-01,Chile,24.708,2.352,12.932,-7.143,85.888,13.688,27.453,0.018,8.208,14.162,4.337,33.792,771.012,3453.046
2023-01-01,Norte Grande,26.248,12.746,13.406,-1.600,61.219,0.045,89.047,0.644,25.235,5.929,10.087,20.578,1753.069,1863.138
2023-01-01,Norte Chico,24.920,6.616,13.840,-6.996,90.353,10.624,46.592,0.000,29.250,9.206,9.903,48.051,1318.091,2663.623
2023-01-01,Centro,30.364,5.434,14.230,-5.114,55.663,10.384,66.592,0.000,16.948,11.633,6.713,18.301,1197.137,2546.445
2023-01-01,Sur,32.271,4.417,15.234,-4.720,44.009,0.491,22.280,0.000,10.711,12.300,4.506,5.364,675.545,3009.180
2023-01-01,Austral,20.622,-2.368,11.687,-9.383,106.960,16.407,0.545,0.000,8.124,12.907,4.108,22.322,107.509,4784.157
2023-01-01,Chile,25.554,4.688,13.263,-5.879,77.605,8.392,40.727,0.162,16.983,10.368,6.837,22.716,914.165,3207.456
2024-01-01,Norte Grande,26.311,10.900,14.719,-2.229,60.762,0.729,87.105,0.718,22.970,5.158,10.784,24.952,1716.049,1945.406
2024-01-01,Norte Chico,25.430,2.967,14.157,-8.858,97.562,26.008,43.657,0.050,20.598,10.752,9.491,61.079,1223.344,3034.210
2024-01-01,Centro,30.677,3.345,15.016,-6.792,68.713,15.807,71.867,0.000,14.328,14.316,6.240,33.528,1225.545,2760.961
2024-01-01,Sur,30.302,3.678,15.113,-4.632,51.016,1.229,25.639,0.000,10.518,11.486,4.710,9.288,713.703,3092.039
2024-01-01,Austral,20.520,-3.235,11.761,-9.483,100.711,17.650,0.785,0.000,11.125,11.333,5.035,23.052,124.756,4710.002
2024-01-01,Chile,25.361,3.035,13.742,-6.536,79.077,12.016,41.019,0.187,15.794,10.084,7.233,28.402,905.682,3296.202
2025-01-01,Norte Grande,25.068,9.198,13.361,-3.016,75.496,3.895,72.281,0.353,8.302,9.974,5.741,35.952,1553.262,2187.159
2025-01-01,Norte Chico,24.742,3.047,13.806,-9.891,105.062,22.758,37.409,0.000,15.418,11.492,5.743,66.826,1168.989,3086.462
2025-01-01,Centro,31.516,3.129,14.919,-8.088,64.764,12.279,70.545,0.007,19.200,10.363,4.771,31.059,1256.004,2615.805
2025-01-01,Sur,28.629,3.459,14.553,-7.384,34.928,0.885,24.394,0.000,15.610,6.938,5.868,6.776,760.132,2809.468
2025-01-01,Austral,19.333,-2.840,11.245,-10.716,82.992,11.225,0.115,0.000,13.721,7.313,5.449,15.190,103.779,4515.847
2025-01-01,Chile,24.408,2.693,13.084,-7.857,75.128,9.706,35.813,0.089,13.554,8.913,5.545,28.716,860.328,3240.727
