time,zona,tmedia,tmax,tmin,dtr
2000-01-01,Norte Grande,11.786,18.581,5.836,12.746
2000-01-01,Norte Chico,8.900,14.407,4.024,10.383
2000-01-01,Centro,10.456,16.030,5.539,10.491
2000-01-01,Sur,9.389,13.568,5.715,7.854
2000-01-01,Austral,4.358,7.056,1.910,5.146
2000-01-01,Chile,8.367,13.073,4.203,8.870
2001-01-01,Norte Grande,12.283,18.903,6.548,12.355
2001-01-01,Norte Chico,9.496,14.910,4.694,10.216
2001-01-01,Centro,10.756,16.244,5.896,10.348
2001-01-01,Sur,9.764,14.241,5.857,8.384
2001-01-01,Austral,4.393,7.081,1.951,5.130
2001-01-01,Chile,8.683,13.360,4.559,8.802
2002-01-01,Norte Grande,12.250,18.984,6.340,12.644
2002-01-01,Norte Chico,9.068,14.476,4.336,10.140
2002-01-01,Centro,10.304,15.653,5.557,10.096
2002-01-01,Sur,9.466,13.666,5.925,7.740
2002-01-01,Austral,4.307,6.952,1.917,5.035
2002-01-01,Chile,8.484,13.118,4.411,8.706
2003-01-01,Norte Grande,12.717,19.684,6.472,13.212
2003-01-01,Norte Chico,10.064,15.691,5.077,10.614
2003-01-01,Centro,10.926,16.661,5.848,10.813
2003-01-01,Sur,9.770,14.311,5.935,8.376
2003-01-01,Austral,5.143,7.760,2.761,4.999
2003-01-01,Chile,9.147,13.959,4.872,9.087
2004-01-01,Norte Grande,12.365,19.089,6.375,12.714
2004-01-01,Norte Chico,9.593,15.103,4.542,10.561
2004-01-01,Centro,10.743,16.171,5.871,10.301
2004-01-01,Sur,10.182,14.744,6.368,8.376
2004-01-01,Austral,5.713,8.613,3.068,5.546
2004-01-01,Chile,9.218,14.012,4.937,9.075
2005-01-01,Norte Grande,12.151,18.735,6.213,12.522
2005-01-01,Norte Chico,9.090,14.432,4.021,10.410
2005-01-01,Centro,10.611,15.926,5.775,10.152
2005-01-01,Sur,9.609,14.058,5.717,8.341
2005-01-01,Austral,4.987,7.828,2.374,5.454
2005-01-01,Chile,8.747,13.432,4.481,8.951
2006-01-01,Norte Grande,12.697,19.293,6.702,12.591
2006-01-01,Norte Chico,10.288,15.798,5.071,10.727
2006-01-01,Centro,11.079,16.711,6.129,10.582
2006-01-01,Sur,9.779,14.305,5.864,8.441
2006-01-01,Austral,5.043,7.837,2.452,5.385
2006-01-01,Chile,9.162,13.908,4.850,9.058
2007-01-01,Norte Grande,12.129,18.797,6.081,12.716
2007-01-01,Norte Chico,8.966,14.415,3.886,10.529
2007-01-01,Centro,9.712,15.477,4.619,10.857
2007-01-01,Sur,8.904,13.431,4.925,8.506
2007-01-01,Austral,4.706,7.515,2.058,5.457
2007-01-01,Chile,8.418,13.194,4.067,9.127
2008-01-01,Norte Grande,11.836,18.676,5.636,13.040
2008-01-01,Norte Chico,9.337,14.792,4.216,10.575
2008-01-01,Centro,10.893,16.627,5.725,10.902
2008-01-01,Sur,10.505,15.276,6.299,8.978
2008-01-01,Austral,5.335,8.319,2.475,5.844
2008-01-01,Chile,8.987,13.898,4.479,9.419
2009-01-01,Norte Grande,12.362,19.137,6.251,12.885
2009-01-01,Norte Chico,9.711,15.221,4.644,10.577
2009-01-01,Centro,10.819,16.603,5.572,11.032
2009-01-01,Sur,9.628,14.143,5.664,8.479
2009-01-01,Austral,4.755,7.461,2.209,5.253
2009-01-01,Chile,8.843,13.621,4.496,9.126
2010-01-01,Norte Grande,12.273,19.034,6.057,12.977
2010-01-01,Norte Chico,8.993,14.514,3.944,10.570
2010-01-01,Centro,10.158,15.978,4.988,10.990
2010-01-01,Sur,9.302,13.810,5.438,8.372
2010-01-01,Austral,4.727,7.549,2.147,5.402
2010-01-01,Chile,8.577,13.396,4.219,9.177
2011-01-01,Norte Grande,12.053,18.502,6.163,12.339
2011-01-01,Norte Chico,9.313,14.655,4.453,10.202
2011-01-01,Centro,10.334,16.129,5.179,10.951
2011-01-01,Sur,9.722,14.397,5.677,8.720
2011-01-01,Austral,5.151,8.062,2.484,5.577
2011-01-01,Chile,8.794,13.559,4.491,9.067
2012-01-01,Norte Grande,12.428,18.863,6.721,12.142
2012-01-01,Norte Chico,9.849,15.258,4.975,10.283
2012-01-01,Centro,10.949,16.525,5.969,10.556
2012-01-01,Sur,9.888,14.438,6.025,8.413
2012-01-01,Austral,5.091,7.894,2.551,5.343
2012-01-01,Chile,9.046,13.736,4.877,8.859
2013-01-01,Norte Grande,12.050,18.539,6.140,12.399
2013-01-01,Norte Chico,9.342,14.637,4.473,10.164
2013-01-01,Centro,10.696,16.533,5.577,10.956
2013-01-01,Sur,10.208,14.951,6.185,8.765
2013-01-01,Austral,5.727,8.679,2.994,5.684
2013-01-01,Chile,9.105,13.901,4.782,9.120
2014-01-01,Norte Grande,12.256,18.857,6.314,12.543
2014-01-01,Norte Chico,9.485,14.850,4.668,10.182
2014-01-01,Centro,10.573,16.181,5.594,10.587
2014-01-01,Sur,9.838,14.215,6.058,8.156
2014-01-01,Austral,5.186,8.023,2.597,5.426
2014-01-01,Chile,8.928,13.643,4.705,8.938
2015-01-01,Norte Grande,12.822,19.220,7.182,12.038
2015-01-01,Norte Chico,9.678,14.891,4.993,9.897
2015-01-01,Centro,11.163,16.954,6.008,10.946
2015-01-01,Sur,10.339,14.945,6.251,8.694
2015-01-01,Austral,5.364,8.258,2.669,5.589
2015-01-01,Chile,9.302,14.019,5.073,8.946
2016-01-01,Norte Grande,12.894,19.477,6.938,12.540
2016-01-01,Norte Chico,10.050,15.181,5.335,9.846
2016-01-01,Centro,11.420,16.918,6.453,10.465
2016-01-01,Sur,10.671,15.550,6.497,9.053
2016-01-01,Austral,5.859,9.097,2.977,6.119
2016-01-01,Chile,9.620,14.491,5.255,9.236
2017-01-01,Norte Grande,12.333,19.072,6.430,12.641
2017-01-01,Norte Chico,9.649,14.831,4.969,9.862
2017-01-01,Centro,10.844,16.370,5.845,10.525
2017-01-01,Sur,9.873,14.306,5.990,8.316
2017-01-01,Austral,5.515,8.315,2.924,5.391
2017-01-01,Chile,9.119,13.828,4.908,8.920
2018-01-01,Norte Grande,12.438,19.209,6.471,12.738
2018-01-01,Norte Chico,9.926,15.296,5.089,10.207
2018-01-01,Centro,10.903,16.544,5.839,10.704
2018-01-01,Sur,9.659,14.311,5.683,8.627
2018-01-01,Austral,5.134,7.953,2.538,5.415
2018-01-01,Chile,9.035,13.832,4.762,9.070
2019-01-01,Norte Grande,12.921,19.692,6.953,12.739
2019-01-01,Norte Chico,10.382,15.859,5.350,10.509
2019-01-01,Centro,11.415,17.305,6.061,11.245
2019-01-01,Sur,9.896,14.611,5.868,8.744
2019-01-01,Austral,5.339,8.143,2.768,5.374
2019-01-01,Chile,9.389,14.236,5.052,9.184
2020-01-01,Norte Grande,12.863,19.396,7.134,12.262
2020-01-01,Norte Chico,10.022,15.730,4.936,10.795
2020-01-01,Centro,11.436,17.675,5.842,11.833
2020-01-01,Sur,9.965,14.808,5.829,8.979
2020-01-01,Austral,5.500,8.305,2.920,5.385
2020-01-01,Chile,9.387,14.271,5.054,9.216
2021-01-01,Norte Grande,12.189,18.592,6.476,12.116
2021-01-01,Norte Chico,9.383,15.216,4.256,10.961
2021-01-01,Centro,10.960,17.082,5.653,11.429
2021-01-01,Sur,10.312,15.348,6.058,9.290
2021-01-01,Austral,6.143,9.101,3.409,5.692
2021-01-01,Chile,9.332,14.266,4.963,9.303
2022-01-01,Norte Grande,11.647,18.208,5.674,12.534
2022-01-01,Norte Chico,8.826,14.397,3.870,10.527
2022-01-01,Centro,10.592,16.552,5.293,11.258
2022-01-01,Sur,9.629,14.311,5.613,8.698
2022-01-01,Austral,5.272,8.179,2.613,5.566
2022-01-01,Chile,8.678,13.525,4.330,9.194
2023-01-01,Norte Grande,13.489,20.293,7.400,12.893
2023-01-01,Norte Chico,10.951,17.115,5.563,11.552
2023-01-01,Centro,11.329,17.312,5.963,11.350
2023-01-01,Sur,9.819,14.514,5.716,8.799
2023-01-01,Austral,4.894,7.676,2.325,5.351
2023-01-01,Chile,9.445,14.403,5.013,9.390
2024-01-01,Norte Grande,13.298,20.083,7.273,12.810
2024-01-01,Norte Chico,9.983,15.938,4.828,11.110
2024-01-01,Centro,10.838,16.957,5.323,11.634
2024-01-01,Sur,9.627,14.427,5.451,8.977
2024-01-01,Austral,5.132,7.949,2.581,5.368
2024-01-01,Chile,9.246,14.212,4.842,9.370
2025-01-01,Norte Grande,12.445,19.135,6.436,12.699
2025-01-01,Norte Chico,9.743,15.911,4.368,11.543
2025-01-01,Centro,11.221,17.626,5.542,12.084
2025-01-01,Sur,10.365,15.245,6.138,9.108
2025-01-01,Austral,5.628,8.479,3.068,5.411
2025-01-01,Chile,9.316,14.348,4.854,9.494
