time,zona,estacion,tmedia,tmax,tmin,dtr
2000-03-01,Norte Grande,MAM,12.108,18.973,6.195,12.778
2000-03-01,Norte Chico,MAM,9.553,15.136,4.513,10.623
2000-03-01,Centro,MAM,10.796,16.864,5.862,11.002
2000-03-01,Sur,MAM,9.853,14.278,6.275,8.003
2000-03-01,Austral,MAM,5.590,8.330,3.183,5.147
2000-03-01,Chile,MAM,9.065,13.909,4.912,8.997
2000-06-01,Norte Grande,JJA,8.238,15.456,2.119,13.337
2000-06-01,Norte Chico,JJA,2.953,8.643,-1.825,10.468
2000-06-01,Centro,JJA,5.203,9.654,1.484,8.170
2000-06-01,Sur,JJA,5.549,8.530,3.011,5.519
2000-06-01,Austral,JJA,0.500,2.760,-1.645,4.405
2000-06-01,Chile,JJA,4.112,8.493,0.333,8.160
2000-09-01,Norte Grande,SON,12.499,19.564,5.908,13.656
2000-09-01,Norte Chico,SON,9.013,14.526,3.948,10.578
2000-09-01,Centro,SON,9.703,15.125,4.747,10.378
2000-09-01,Sur,SON,8.669,13.076,4.712,8.364
2000-09-01,Austral,SON,3.673,6.481,1.058,5.423
2000-09-01,Chile,SON,8.137,12.963,3.683,9.280
2000-12-01,Norte Grande,DJF,14.741,20.541,9.842,10.699
2000-12-01,Norte Chico,DJF,14.524,19.549,10.170,9.379
2000-12-01,Centro,DJF,16.483,22.829,10.455,12.374
2000-12-01,Sur,DJF,13.626,18.724,8.864,9.860
2000-12-01,Austral,DJF,7.465,10.123,5.190,4.934
2000-12-01,Chile,DJF,12.327,16.927,8.268,8.659
2001-03-01,Norte Grande,MAM,11.988,18.366,6.608,11.758
2001-03-01,Norte Chico,MAM,9.522,14.785,4.850,9.936
2001-03-01,Centro,MAM,10.656,16.242,5.928,10.315
2001-03-01,Sur,MAM,9.708,14.215,6.006,8.209
2001-03-01,Austral,MAM,4.631,7.417,2.166,5.252
2001-03-01,Chile,MAM,8.672,13.316,4.694,8.622
2001-06-01,Norte Grande,JJA,9.612,16.971,3.287,13.684
2001-06-01,Norte Chico,JJA,4.957,10.925,-0.283,11.207
2001-06-01,Centro,JJA,5.689,10.259,1.930,8.329
2001-06-01,Sur,JJA,5.786,9.052,3.070,5.982
2001-06-01,Austral,JJA,0.350,2.462,-1.704,4.166
2001-06-01,Chile,JJA,4.795,9.259,0.896,8.363
2001-09-01,Norte Grande,SON,12.927,19.855,6.616,13.239
2001-09-01,Norte Chico,SON,9.165,14.617,4.169,10.448
2001-09-01,Centro,SON,9.919,15.374,4.933,10.441
2001-09-01,Sur,SON,9.252,13.969,5.091,8.878
2001-09-01,Austral,SON,4.607,7.587,1.883,5.705
2001-09-01,Chile,SON,8.690,13.580,4.246,9.333
2001-12-01,Norte Grande,DJF,14.739,21.148,8.915,12.234
2001-12-01,Norte Chico,DJF,14.044,19.203,9.440,9.762
2001-12-01,Centro,DJF,16.928,23.310,10.835,12.475
2001-12-01,Sur,DJF,15.192,21.235,9.736,11.500
2001-12-01,Austral,DJF,8.639,12.021,5.585,6.436
2001-12-01,Chile,DJF,12.931,18.088,8.234,9.854
2002-03-01,Norte Grande,MAM,12.611,19.062,7.109,11.953
2002-03-01,Norte Chico,MAM,10.082,15.396,5.314,10.081
2002-03-01,Centro,MAM,10.588,16.070,5.969,10.101
2002-03-01,Sur,MAM,9.551,13.605,6.275,7.330
2002-03-01,Austral,MAM,4.004,6.471,1.769,4.702
2002-03-01,Chile,MAM,8.670,13.154,4.800,8.354
2002-06-01,Norte Grande,JJA,8.233,15.346,2.237,13.109
2002-06-01,Norte Chico,JJA,2.993,8.578,-1.599,10.177
2002-06-01,Centro,JJA,4.954,9.566,1.262,8.304
2002-06-01,Sur,JJA,5.383,8.598,2.836,5.762
2002-06-01,Austral,JJA,0.588,2.705,-1.412,4.117
2002-06-01,Chile,JJA,4.091,8.436,0.421,8.015
2002-09-01,Norte Grande,SON,13.322,20.191,7.114,13.077
2002-09-01,Norte Chico,SON,9.410,14.835,4.580,10.255
2002-09-01,Centro,SON,9.585,14.700,4.802,9.897
2002-09-01,Sur,SON,8.522,12.317,5.234,7.083
2002-09-01,Austral,SON,4.157,6.808,1.845,4.963
2002-09-01,Chile,SON,8.528,13.112,4.424,8.688
2002-12-01,Norte Grande,DJF,15.293,21.798,9.557,12.241
2002-12-01,Norte Chico,DJF,14.194,19.485,9.519,9.966
2002-12-01,Centro,DJF,16.092,22.269,10.090,12.180
2002-12-01,Sur,DJF,13.711,18.964,8.975,9.989
2002-12-01,Austral,DJF,8.251,11.176,5.633,5.543
2002-12-01,Chile,DJF,12.644,17.552,8.220,9.331
2003-03-01,Norte Grande,MAM,12.966,19.822,6.886,12.935
2003-03-01,Norte Chico,MAM,10.396,15.860,5.558,10.301
2003-03-01,Centro,MAM,11.454,17.563,6.409,11.154
2003-03-01,Sur,MAM,10.616,15.804,6.549,9.256
2003-03-01,Austral,MAM,6.245,9.059,3.795,5.264
2003-03-01,Chile,MAM,9.815,14.780,5.551,9.230
2003-06-01,Norte Grande,JJA,9.534,16.965,2.915,14.049
2003-06-01,Norte Chico,JJA,5.170,11.301,-0.181,11.482
2003-06-01,Centro,JJA,5.724,10.703,1.720,8.983
2003-06-01,Sur,JJA,6.043,9.556,3.073,6.482
2003-06-01,Austral,JJA,2.200,4.352,0.094,4.258
2003-06-01,Chile,JJA,5.467,10.072,1.394,8.678
2003-09-01,Norte Grande,SON,13.238,20.299,6.672,13.626
2003-09-01,Norte Chico,SON,10.497,16.062,5.450,10.612
2003-09-01,Centro,SON,10.753,16.443,5.601,10.842
2003-09-01,Sur,SON,9.346,13.725,5.648,8.077
2003-09-01,Austral,SON,4.347,7.103,1.801,5.302
2003-09-01,Chile,SON,8.993,13.837,4.585,9.251
2003-12-01,Norte Grande,DJF,14.741,21.013,9.254,11.760
2003-12-01,Norte Chico,DJF,14.058,19.424,9.425,9.999
2003-12-01,Centro,DJF,16.104,22.249,10.167,12.082
2003-12-01,Sur,DJF,14.263,19.912,9.325,10.587
2003-12-01,Austral,DJF,9.282,12.533,6.311,6.222
2003-12-01,Chile,DJF,12.913,17.935,8.418,9.518
2004-03-01,Norte Grande,MAM,12.354,19.383,6.110,13.273
2004-03-01,Norte Chico,MAM,10.032,15.671,4.863,10.807
2004-03-01,Centro,MAM,11.038,16.664,6.297,10.367
2004-03-01,Sur,MAM,10.522,15.264,6.841,8.423
2004-03-01,Austral,MAM,6.124,8.975,3.677,5.299
2004-03-01,Chile,MAM,9.503,14.426,5.243,9.183
2004-06-01,Norte Grande,JJA,9.202,16.138,3.139,13.000
2004-06-01,Norte Chico,JJA,4.645,10.514,-0.529,11.043
2004-06-01,Centro,JJA,5.705,10.362,1.890,8.472
2004-06-01,Sur,JJA,6.285,9.667,3.520,6.148
2004-06-01,Austral,JJA,1.775,4.104,-0.435,4.539
2004-06-01,Chile,JJA,5.198,9.641,1.308,8.333
2004-09-01,Norte Grande,SON,13.077,19.876,6.765,13.110
2004-09-01,Norte Chico,SON,9.490,14.784,4.302,10.482
2004-09-01,Centro,SON,9.794,15.031,4.835,10.196
2004-09-01,Sur,SON,9.085,13.496,5.316,8.179
2004-09-01,Austral,SON,5.182,8.156,2.448,5.708
2004-09-01,Chile,SON,8.928,13.689,4.514,9.175
2004-12-01,Norte Grande,DJF,14.807,20.654,9.710,10.944
2004-12-01,Norte Chico,DJF,14.354,19.294,9.565,9.730
2004-12-01,Centro,DJF,16.350,22.549,10.170,12.380
2004-12-01,Sur,DJF,14.502,20.147,9.426,10.721
2004-12-01,Austral,DJF,9.342,12.754,6.206,6.548
2004-12-01,Chile,DJF,13.058,17.971,8.533,9.438
2005-03-01,Norte Grande,MAM,12.345,19.062,6.285,12.777
2005-03-01,Norte Chico,MAM,9.364,14.774,4.184,10.590
2005-03-01,Centro,MAM,10.432,16.045,5.547,10.498
2005-03-01,Sur,MAM,9.442,13.761,5.823,7.938
2005-03-01,Austral,MAM,5.089,7.731,2.774,4.957
2005-03-01,Chile,MAM,8.825,13.503,4.645,8.858
2005-06-01,Norte Grande,JJA,9.889,17.168,3.325,13.843
2005-06-01,Norte Chico,JJA,5.133,10.968,-0.087,11.055
2005-06-01,Centro,JJA,6.270,10.254,2.882,7.371
2005-06-01,Sur,JJA,5.553,8.575,2.992,5.583
2005-06-01,Austral,JJA,0.697,2.922,-1.358,4.281
2005-06-01,Chile,JJA,5.043,9.399,1.155,8.244
2005-09-01,Norte Grande,SON,11.794,18.323,5.694,12.629
2005-09-01,Norte Chico,SON,7.677,12.814,2.616,10.198
2005-09-01,Centro,SON,9.646,15.173,4.544,10.629
2005-09-01,Sur,SON,8.993,13.609,4.887,8.722
2005-09-01,Austral,SON,4.937,8.015,2.078,5.937
2005-09-01,Chile,SON,8.226,12.995,3.774,9.221
2005-12-01,Norte Grande,DJF,14.668,20.398,9.660,10.738
2005-12-01,Norte Chico,DJF,14.473,19.462,9.682,9.780
2005-12-01,Centro,DJF,16.466,22.495,10.772,11.723
2005-12-01,Sur,DJF,14.539,20.204,9.331,10.873
2005-12-01,Austral,DJF,9.220,12.581,6.025,6.556
2005-12-01,Chile,DJF,13.019,17.875,8.536,9.339
2006-03-01,Norte Grande,MAM,12.693,19.209,6.813,12.396
2006-03-01,Norte Chico,MAM,10.925,16.469,5.625,10.844
2006-03-01,Centro,MAM,11.279,17.606,6.065,11.541
2006-03-01,Sur,MAM,9.837,14.740,5.830,8.910
2006-03-01,Austral,MAM,5.743,8.600,3.176,5.424
2006-03-01,Chile,MAM,9.521,14.413,5.188,9.225
2006-06-01,Norte Grande,JJA,9.884,17.147,3.354,13.793
2006-06-01,Norte Chico,JJA,5.531,11.586,0.098,11.488
2006-06-01,Centro,JJA,6.481,10.816,2.847,7.970
2006-06-01,Sur,JJA,6.442,9.568,3.796,5.772
2006-06-01,Austral,JJA,1.110,3.385,-1.087,4.473
2006-06-01,Chile,JJA,5.394,9.853,1.393,8.460
2006-09-01,Norte Grande,SON,13.317,20.034,6.958,13.077
2006-09-01,Norte Chico,SON,10.106,15.516,4.786,10.730
2006-09-01,Centro,SON,10.118,15.887,4.930,10.957
2006-09-01,Sur,SON,8.697,13.454,4.536,8.917
2006-09-01,Austral,SON,4.691,7.565,2.029,5.535
2006-09-01,Chile,SON,8.898,13.736,4.391,9.346
2006-12-01,Norte Grande,DJF,15.270,21.523,9.581,11.942
2006-12-01,Norte Chico,DJF,14.693,19.879,9.727,10.151
2006-12-01,Centro,DJF,15.918,21.942,10.190,11.752
2006-12-01,Sur,DJF,13.612,18.731,8.840,9.891
2006-12-01,Austral,DJF,8.058,11.077,5.249,5.828
2006-12-01,Chile,DJF,12.612,17.434,8.121,9.313
2007-03-01,Norte Grande,MAM,12.528,19.146,6.519,12.627
2007-03-01,Norte Chico,MAM,9.882,15.358,4.813,10.545
2007-03-01,Centro,MAM,10.493,16.443,5.492,10.951
2007-03-01,Sur,MAM,9.706,14.362,5.938,8.424
2007-03-01,Austral,MAM,5.142,7.876,2.657,5.219
2007-03-01,Chile,MAM,9.011,13.795,4.768,9.027
2007-06-01,Norte Grande,JJA,8.692,15.689,2.525,13.164
2007-06-01,Norte Chico,JJA,2.726,8.546,-2.431,10.977
2007-06-01,Centro,JJA,2.952,7.969,-1.185,9.153
2007-06-01,Sur,JJA,3.727,7.148,0.780,6.367
2007-06-01,Austral,JJA,0.958,3.332,-1.316,4.647
2007-06-01,Chile,JJA,3.805,8.321,-0.195,8.516
2007-09-01,Norte Grande,SON,12.647,19.453,6.366,13.087
2007-09-01,Norte Chico,SON,9.203,14.553,3.988,10.564
2007-09-01,Centro,SON,9.701,15.705,4.304,11.402
2007-09-01,Sur,SON,8.475,13.081,4.374,8.707
2007-09-01,Austral,SON,4.369,7.412,1.457,5.955
2007-09-01,Chile,SON,8.406,13.321,3.834,9.487
2007-12-01,Norte Grande,DJF,13.988,20.013,8.604,11.409
2007-12-01,Norte Chico,DJF,13.865,18.911,9.161,9.749
2007-12-01,Centro,DJF,16.660,22.917,10.483,12.435
2007-12-01,Sur,DJF,15.245,21.105,9.822,11.283
2007-12-01,Austral,DJF,9.552,12.900,6.296,6.604
2007-12-01,Chile,DJF,12.996,17.987,8.322,9.665
2008-03-01,Norte Grande,MAM,11.497,18.521,5.224,13.296
2008-03-01,Norte Chico,MAM,9.970,15.456,4.848,10.608
2008-03-01,Centro,MAM,10.915,17.012,5.745,11.267
2008-03-01,Sur,MAM,10.349,15.392,6.175,9.217
2008-03-01,Austral,MAM,5.398,8.310,2.718,5.592
2008-03-01,Chile,MAM,8.996,14.017,4.534,9.483
2008-06-01,Norte Grande,JJA,9.137,16.561,2.614,13.947
2008-06-01,Norte Chico,JJA,3.859,9.772,-1.467,11.239
2008-06-01,Centro,JJA,4.971,9.650,1.099,8.552
2008-06-01,Sur,JJA,5.858,8.708,3.345,5.363
2008-06-01,Austral,JJA,0.875,3.159,-1.405,4.565
2008-06-01,Chile,JJA,4.613,9.095,0.592,8.503
2008-09-01,Norte Grande,SON,12.733,19.705,6.021,13.684
2008-09-01,Norte Chico,SON,9.449,14.796,4.155,10.642
2008-09-01,Centro,SON,10.614,16.595,5.064,11.531
2008-09-01,Sur,SON,9.717,14.945,5.077,9.868
2008-09-01,Austral,SON,4.952,8.127,1.946,6.181
2008-09-01,Chile,SON,8.951,14.040,4.130,9.909
2008-12-01,Norte Grande,DJF,14.220,20.366,8.540,11.826
2008-12-01,Norte Chico,DJF,13.963,18.988,9.108,9.880
2008-12-01,Centro,DJF,16.888,23.245,10.588,12.657
2008-12-01,Sur,DJF,15.272,21.246,9.757,11.489
2008-12-01,Austral,DJF,9.403,12.705,6.201,6.505
2008-12-01,Chile,DJF,13.051,18.082,8.269,9.813
2009-03-01,Norte Grande,MAM,12.601,19.337,6.550,12.786
2009-03-01,Norte Chico,MAM,11.561,17.014,6.534,10.480
2009-03-01,Centro,MAM,12.705,19.095,7.241,11.853
2009-03-01,Sur,MAM,11.298,16.105,7.315,8.790
2009-03-01,Austral,MAM,5.670,8.312,3.231,5.080
2009-03-01,Chile,MAM,9.955,14.810,5.635,9.174
2009-06-01,Norte Grande,JJA,8.734,16.186,2.246,13.940
2009-06-01,Norte Chico,JJA,3.684,10.000,-1.844,11.843
2009-06-01,Centro,JJA,5.257,10.352,1.104,9.247
2009-06-01,Sur,JJA,5.619,9.074,2.768,6.306
2009-06-01,Austral,JJA,1.654,3.954,-0.535,4.490
2009-06-01,Chile,JJA,4.746,9.439,0.651,8.788
2009-09-01,Norte Grande,SON,13.478,20.213,7.246,12.967
2009-09-01,Norte Chico,SON,9.579,14.800,4.632,10.168
2009-09-01,Centro,SON,8.992,14.242,3.993,10.249
2009-09-01,Sur,SON,7.558,11.729,3.720,8.009
2009-09-01,Austral,SON,3.318,6.090,0.734,5.357
2009-09-01,Chile,SON,8.098,12.731,3.774,8.957
2009-12-01,Norte Grande,DJF,15.692,21.946,10.058,11.888
2009-12-01,Norte Chico,DJF,14.770,19.945,10.048,9.897
2009-12-01,Centro,DJF,16.157,22.471,9.968,12.502
2009-12-01,Sur,DJF,13.266,18.442,8.496,9.946
2009-12-01,Austral,DJF,7.551,10.627,4.711,5.917
2009-12-01,Chile,DJF,12.539,17.422,8.031,9.390
2010-03-01,Norte Grande,MAM,12.767,19.465,6.679,12.787
2010-03-01,Norte Chico,MAM,10.055,15.734,4.866,10.868
2010-03-01,Centro,MAM,11.213,17.515,5.883,11.633
2010-03-01,Sur,MAM,10.031,14.891,6.152,8.739
2010-03-01,Austral,MAM,5.917,8.855,3.318,5.537
2010-03-01,Chile,MAM,9.490,14.465,5.115,9.350
2010-06-01,Norte Grande,JJA,8.958,16.178,2.534,13.643
2010-06-01,Norte Chico,JJA,3.042,8.834,-2.031,10.865
2010-06-01,Centro,JJA,4.215,9.036,0.311,8.725
2010-06-01,Sur,JJA,5.169,8.484,2.411,6.073
2010-06-01,Austral,JJA,0.853,3.289,-1.420,4.709
2010-06-01,Chile,JJA,4.248,8.796,0.252,8.545
2010-09-01,Norte Grande,SON,12.165,18.974,5.559,13.414
2010-09-01,Norte Chico,SON,8.654,14.106,3.467,10.639
2010-09-01,Centro,SON,9.684,15.620,4.277,11.343
2010-09-01,Sur,SON,8.850,13.511,4.732,8.779
2010-09-01,Austral,SON,4.766,7.667,2.064,5.603
2010-09-01,Chile,SON,8.389,13.273,3.806,9.466
2010-12-01,Norte Grande,DJF,14.185,20.058,8.873,11.185
2010-12-01,Norte Chico,DJF,13.913,18.920,9.319,9.601
2010-12-01,Centro,DJF,15.480,21.607,9.556,12.051
2010-12-01,Sur,DJF,14.049,19.560,9.119,10.441
2010-12-01,Austral,DJF,8.400,11.740,5.339,6.401
2010-12-01,Chile,DJF,12.350,17.227,7.878,9.349
2011-03-01,Norte Grande,MAM,12.355,18.973,6.212,12.761
2011-03-01,Norte Chico,MAM,10.451,15.965,5.393,10.573
2011-03-01,Centro,MAM,10.812,17.020,5.610,11.409
2011-03-01,Sur,MAM,9.772,14.478,5.911,8.567
2011-03-01,Austral,MAM,5.375,8.115,2.925,5.191
2011-03-01,Chile,MAM,9.177,14.008,4.876,9.132
2011-06-01,Norte Grande,JJA,8.640,15.392,2.769,12.623
2011-06-01,Norte Chico,JJA,2.763,8.326,-1.943,10.269
2011-06-01,Centro,JJA,4.104,8.809,0.288,8.521
2011-06-01,Sur,JJA,5.115,8.450,2.342,6.108
2011-06-01,Austral,JJA,1.217,3.547,-0.937,4.484
2011-06-01,Chile,JJA,4.227,8.578,0.472,8.106
2011-09-01,Norte Grande,SON,12.869,19.578,6.411,13.168
2011-09-01,Norte Chico,SON,9.733,15.083,4.605,10.478
2011-09-01,Centro,SON,10.139,16.178,4.598,11.579
2011-09-01,Sur,SON,9.080,13.844,4.904,8.940
2011-09-01,Austral,SON,4.780,7.773,2.073,5.700
2011-09-01,Chile,SON,8.819,13.720,4.255,9.465
2011-12-01,Norte Grande,DJF,14.216,19.691,9.443,10.247
2011-12-01,Norte Chico,DJF,14.375,19.139,10.022,9.117
2011-12-01,Centro,DJF,16.907,22.959,10.913,12.046
2011-12-01,Sur,DJF,15.301,20.988,10.087,10.900
2011-12-01,Austral,DJF,9.142,12.586,5.881,6.704
2011-12-01,Chile,DJF,13.030,17.823,8.612,9.211
2012-03-01,Norte Grande,MAM,12.443,18.907,6.739,12.168
2012-03-01,Norte Chico,MAM,10.476,16.047,5.502,10.545
2012-03-01,Centro,MAM,12.106,18.178,6.952,11.226
2012-03-01,Sur,MAM,10.623,15.416,6.729,8.687
2012-03-01,Austral,MAM,5.517,8.304,3.076,5.228
2012-03-01,Chile,MAM,9.532,14.344,5.357,8.987
2012-06-01,Norte Grande,JJA,9.572,16.823,3.262,13.561
2012-06-01,Norte Chico,JJA,4.512,10.657,-0.813,11.470
2012-06-01,Centro,JJA,5.364,10.282,1.401,8.881
2012-06-01,Sur,JJA,5.215,8.705,2.334,6.371
2012-06-01,Austral,JJA,1.324,3.670,-0.878,4.549
2012-06-01,Chile,JJA,4.922,9.538,0.916,8.623
2012-09-01,Norte Grande,SON,13.587,20.205,7.460,12.745
2012-09-01,Norte Chico,SON,10.219,15.325,5.419,9.906
2012-09-01,Centro,SON,10.246,15.749,5.214,10.535
2012-09-01,Sur,SON,9.497,14.450,5.244,9.206
2012-09-01,Austral,SON,5.059,8.008,2.401,5.607
2012-09-01,Chile,SON,9.238,14.028,4.872,9.156
2012-12-01,Norte Grande,DJF,14.741,20.313,9.781,10.532
2012-12-01,Norte Chico,DJF,14.481,19.333,9.996,9.337
2012-12-01,Centro,DJF,16.057,21.937,10.313,11.625
2012-12-01,Sur,DJF,14.750,20.047,10.122,9.925
2012-12-01,Austral,DJF,9.445,12.783,6.355,6.428
2012-12-01,Chile,DJF,13.095,17.812,8.783,9.029
2013-03-01,Norte Grande,MAM,12.147,18.817,6.044,12.773
2013-03-01,Norte Chico,MAM,9.855,15.140,4.976,10.164
2013-03-01,Centro,MAM,10.986,17.224,5.800,11.424
2013-03-01,Sur,MAM,10.711,15.430,6.970,8.460
2013-03-01,Austral,MAM,6.708,9.780,3.967,5.813
2013-03-01,Chile,MAM,9.641,14.567,5.298,9.269
2013-06-01,Norte Grande,JJA,8.730,15.631,2.657,12.974
2013-06-01,Norte Chico,JJA,3.941,9.865,-1.252,11.117
2013-06-01,Centro,JJA,5.291,10.485,1.262,9.223
2013-06-01,Sur,JJA,5.629,9.045,2.771,6.274
2013-06-01,Austral,JJA,2.005,4.246,-0.124,4.370
2013-06-01,Chile,JJA,4.906,9.389,0.998,8.391
2013-09-01,Norte Grande,SON,12.467,19.153,6.095,13.058
2013-09-01,Norte Chico,SON,9.028,14.200,4.029,10.171
2013-09-01,Centro,SON,9.786,15.589,4.473,11.116
2013-09-01,Sur,SON,8.955,13.838,4.768,9.071
2013-09-01,Austral,SON,4.574,7.715,1.665,6.050
2013-09-01,Chile,SON,8.484,13.392,3.919,9.472
2013-12-01,Norte Grande,DJF,14.686,20.659,9.301,11.358
2013-12-01,Norte Chico,DJF,14.462,19.290,10.033,9.257
2013-12-01,Centro,DJF,16.601,22.943,10.357,12.586
2013-12-01,Sur,DJF,14.582,20.426,9.239,11.187
2013-12-01,Austral,DJF,8.408,11.467,5.592,5.876
2013-12-01,Chile,DJF,12.773,17.630,8.289,9.341
2014-03-01,Norte Grande,MAM,11.996,18.673,6.127,12.546
2014-03-01,Norte Chico,MAM,9.637,14.941,4.782,10.159
2014-03-01,Centro,MAM,10.678,16.639,5.667,10.972
2014-03-01,Sur,MAM,9.974,14.404,6.384,8.020
2014-03-01,Austral,MAM,5.341,8.473,2.530,5.943
2014-03-01,Chile,MAM,8.969,13.844,4.709,9.135
2014-06-01,Norte Grande,JJA,9.183,16.249,2.997,13.252
2014-06-01,Norte Chico,JJA,4.354,10.431,-0.828,11.260
2014-06-01,Centro,JJA,5.304,9.996,1.582,8.414
2014-06-01,Sur,JJA,6.166,9.373,3.604,5.769
2014-06-01,Austral,JJA,2.276,4.568,0.134,4.435
2014-06-01,Chile,JJA,5.251,9.724,1.393,8.331
2014-09-01,Norte Grande,SON,13.305,19.908,7.161,12.747
2014-09-01,Norte Chico,SON,9.991,15.158,5.271,9.887
2014-09-01,Centro,SON,10.425,15.887,5.372,10.515
2014-09-01,Sur,SON,9.204,13.555,5.324,8.231
2014-09-01,Austral,SON,4.892,7.716,2.332,5.384
2014-09-01,Chile,SON,9.056,13.718,4.783,8.934
2014-12-01,Norte Grande,DJF,14.939,20.794,9.695,11.099
2014-12-01,Norte Chico,DJF,14.291,19.180,9.857,9.324
2014-12-01,Centro,DJF,16.399,22.887,10.093,12.793
2014-12-01,Sur,DJF,14.672,20.559,9.126,11.432
2014-12-01,Austral,DJF,8.818,12.160,5.706,6.454
2014-12-01,Chile,DJF,12.937,17.892,8.352,9.540
2015-03-01,Norte Grande,MAM,12.895,19.055,7.613,11.443
2015-03-01,Norte Chico,MAM,10.803,16.100,5.965,10.135
2015-03-01,Centro,MAM,12.608,19.316,6.891,12.424
2015-03-01,Sur,MAM,11.515,16.515,7.400,9.115
2015-03-01,Austral,MAM,6.341,9.251,3.780,5.471
2015-03-01,Chile,MAM,10.161,15.005,5.971,9.034
2015-06-01,Norte Grande,JJA,9.958,17.035,3.927,13.108
2015-06-01,Norte Chico,JJA,4.898,10.740,-0.060,10.800
2015-06-01,Centro,JJA,6.138,10.976,2.261,8.715
2015-06-01,Sur,JJA,6.296,9.167,3.798,5.370
2015-06-01,Austral,JJA,1.851,4.018,-0.235,4.253
2015-06-01,Chile,JJA,5.504,9.872,1.727,8.145
2015-09-01,Norte Grande,SON,13.154,19.614,7.153,12.461
2015-09-01,Norte Chico,SON,8.576,13.419,4.046,9.373
2015-09-01,Centro,SON,9.373,14.454,4.716,9.738
2015-09-01,Sur,SON,8.819,13.484,4.676,8.808
2015-09-01,Austral,SON,4.525,7.628,1.579,6.049
2015-09-01,Chile,SON,8.503,13.173,4.175,8.999
2015-12-01,Norte Grande,DJF,16.079,22.108,10.625,11.483
2015-12-01,Norte Chico,DJF,15.192,20.218,10.495,9.723
2015-12-01,Centro,DJF,16.776,23.060,10.539,12.521
2015-12-01,Sur,DJF,15.102,20.742,9.799,10.943
2015-12-01,Austral,DJF,9.136,12.642,5.840,6.802
2015-12-01,Chile,DJF,13.571,18.583,8.876,9.707
2016-03-01,Norte Grande,MAM,13.299,19.608,7.698,11.910
2016-03-01,Norte Chico,MAM,10.519,15.230,6.255,8.976
2016-03-01,Centro,MAM,11.639,16.857,7.146,9.711
2016-03-01,Sur,MAM,10.942,16.221,6.835,9.386
2016-03-01,Austral,MAM,5.752,9.313,2.804,6.508
2016-03-01,Chile,MAM,9.822,14.694,5.657,9.037
2016-06-01,Norte Grande,JJA,9.412,16.272,3.526,12.746
2016-06-01,Norte Chico,JJA,4.182,9.728,-0.585,10.313
2016-06-01,Centro,JJA,5.773,10.653,1.805,8.848
2016-06-01,Sur,JJA,6.144,9.776,3.318,6.459
2016-06-01,Austral,JJA,2.504,5.068,0.260,4.808
2016-06-01,Chile,JJA,5.413,9.931,1.589,8.343
2016-09-01,Norte Grande,SON,13.186,20.259,6.390,13.869
2016-09-01,Norte Chico,SON,10.311,15.549,5.275,10.274
2016-09-01,Centro,SON,11.469,17.292,6.008,11.284
2016-09-01,Sur,SON,10.446,15.533,5.791,9.742
2016-09-01,Austral,SON,5.825,9.236,2.675,6.561
2016-09-01,Chile,SON,9.694,14.831,4.851,9.980
2016-12-01,Norte Grande,DJF,15.147,21.013,9.823,11.190
2016-12-01,Norte Chico,DJF,15.108,19.897,10.518,9.379
2016-12-01,Centro,DJF,17.283,23.538,11.212,12.327
2016-12-01,Sur,DJF,15.089,20.457,10.049,10.408
2016-12-01,Austral,DJF,9.099,12.187,6.236,5.952
2016-12-01,Chile,DJF,13.372,18.126,8.929,9.197
2017-03-01,Norte Grande,MAM,12.222,18.669,6.676,11.993
2017-03-01,Norte Chico,MAM,9.910,14.903,5.349,9.553
2017-03-01,Centro,MAM,11.101,16.741,6.180,10.561
2017-03-01,Sur,MAM,10.544,15.181,6.734,8.447
2017-03-01,Austral,MAM,6.418,9.429,3.814,5.615
2017-03-01,Chile,MAM,9.560,14.283,5.473,8.810
2017-06-01,Norte Grande,JJA,9.035,16.520,2.877,13.643
2017-06-01,Norte Chico,JJA,4.200,9.851,-0.387,10.238
2017-06-01,Centro,JJA,5.175,9.861,1.408,8.453
2017-06-01,Sur,JJA,5.404,8.607,2.715,5.892
2017-06-01,Austral,JJA,1.918,4.162,-0.294,4.456
2017-06-01,Chile,JJA,4.945,9.442,1.134,8.308
2017-09-01,Norte Grande,SON,12.938,20.073,6.316,13.757
2017-09-01,Norte Chico,SON,9.424,14.644,4.465,10.179
2017-09-01,Centro,SON,9.811,15.214,4.779,10.435
2017-09-01,Sur,SON,8.568,13.029,4.614,8.415
2017-09-01,Austral,SON,4.876,7.700,2.234,5.466
2017-09-01,Chile,SON,8.708,13.519,4.244,9.275
2017-12-01,Norte Grande,DJF,14.720,20.750,9.316,11.434
2017-12-01,Norte Chico,DJF,14.442,19.364,9.905,9.459
2017-12-01,Centro,DJF,16.658,22.854,10.586,12.268
2017-12-01,Sur,DJF,14.838,20.542,9.680,10.862
2017-12-01,Austral,DJF,9.189,12.332,6.340,5.992
2017-12-01,Chile,DJF,13.084,17.959,8.616,9.343
2018-03-01,Norte Grande,MAM,12.880,19.814,6.917,12.896
2018-03-01,Norte Chico,MAM,11.158,16.583,6.296,10.288
2018-03-01,Centro,MAM,11.653,17.636,6.438,11.198
2018-03-01,Sur,MAM,9.962,14.579,6.162,8.418
2018-03-01,Austral,MAM,5.280,7.874,2.874,5.001
2018-03-01,Chile,MAM,9.512,14.319,5.306,9.013
2018-06-01,Norte Grande,JJA,8.888,15.929,2.931,12.998
2018-06-01,Norte Chico,JJA,3.847,9.762,-1.111,10.873
2018-06-01,Centro,JJA,5.020,10.077,0.954,9.124
2018-06-01,Sur,JJA,5.041,8.758,2.075,6.682
2018-06-01,Austral,JJA,1.222,3.713,-1.034,4.748
2018-06-01,Chile,JJA,4.551,9.179,0.645,8.535
2018-09-01,Norte Grande,SON,13.347,20.429,6.821,13.608
2018-09-01,Norte Chico,SON,10.517,15.796,5.503,10.293
2018-09-01,Centro,SON,10.562,15.987,5.532,10.455
2018-09-01,Sur,SON,8.926,13.388,5.009,8.379
2018-09-01,Austral,SON,4.635,7.656,1.802,5.854
2018-09-01,Chile,SON,9.035,13.910,4.528,9.381
2018-12-01,Norte Grande,DJF,15.371,21.226,10.178,11.048
2018-12-01,Norte Chico,DJF,14.944,19.802,10.368,9.434
2018-12-01,Centro,DJF,16.804,23.035,10.641,12.394
2018-12-01,Sur,DJF,14.339,20.334,8.881,11.453
2018-12-01,Austral,DJF,8.582,11.849,5.540,6.309
2018-12-01,Chile,DJF,13.064,17.973,8.524,9.450
2019-03-01,Norte Grande,MAM,12.779,19.671,6.710,12.960
2019-03-01,Norte Chico,MAM,10.659,15.909,5.781,10.127
2019-03-01,Centro,MAM,11.707,17.700,6.588,11.112
2019-03-01,Sur,MAM,10.578,15.434,6.753,8.682
2019-03-01,Austral,MAM,6.277,9.066,3.745,5.321
2019-03-01,Chile,MAM,9.842,14.715,5.574,9.141
2019-06-01,Norte Grande,JJA,10.229,17.832,3.838,13.994
2019-06-01,Norte Chico,JJA,5.778,12.022,0.356,11.665
2019-06-01,Centro,JJA,5.850,10.819,1.841,8.978
2019-06-01,Sur,JJA,5.881,9.142,3.237,5.905
2019-06-01,Austral,JJA,2.019,4.252,-0.077,4.329
2019-06-01,Chile,JJA,5.662,10.316,1.686,8.630
2019-09-01,Norte Grande,SON,13.300,20.022,7.082,12.941
2019-09-01,Norte Chico,SON,10.254,15.624,5.067,10.557
2019-09-01,Centro,SON,10.909,16.938,5.216,11.722
2019-09-01,Sur,SON,8.935,13.723,4.797,8.926
2019-09-01,Austral,SON,4.588,7.609,1.872,5.737
2019-09-01,Chile,SON,9.012,13.931,4.484,9.448
2019-12-01,Norte Grande,DJF,15.480,21.443,10.243,11.200
2019-12-01,Norte Chico,DJF,14.665,20.005,9.792,10.214
2019-12-01,Centro,DJF,17.518,24.497,10.536,13.961
2019-12-01,Sur,DJF,14.525,20.446,9.109,11.337
2019-12-01,Austral,DJF,9.250,12.414,6.324,6.090
2019-12-01,Chile,DJF,13.387,18.440,8.737,9.703
2020-03-01,Norte Grande,MAM,13.504,19.977,7.903,12.074
2020-03-01,Norte Chico,MAM,11.734,17.322,6.772,10.549
2020-03-01,Centro,MAM,12.891,19.667,7.261,12.406
2020-03-01,Sur,MAM,11.253,16.525,7.112,9.413
2020-03-01,Austral,MAM,7.103,9.951,4.588,5.364
2020-03-01,Chile,MAM,10.701,15.694,6.435,9.259
2020-06-01,Norte Grande,JJA,9.408,16.427,3.481,12.945
2020-06-01,Norte Chico,JJA,3.849,9.920,-1.237,11.157
2020-06-01,Centro,JJA,5.183,9.801,1.414,8.386
2020-06-01,Sur,JJA,5.297,8.339,2.780,5.560
2020-06-01,Austral,JJA,0.667,2.853,-1.431,4.284
2020-06-01,Chile,JJA,4.554,8.945,0.790,8.155
2020-09-01,Norte Grande,SON,13.248,20.018,6.965,13.054
2020-09-01,Norte Chico,SON,9.988,15.795,4.627,11.168
2020-09-01,Centro,SON,10.560,17.111,4.551,12.560
2020-09-01,Sur,SON,8.997,14.150,4.480,9.670
2020-09-01,Austral,SON,5.125,8.135,2.351,5.784
2020-09-01,Chile,SON,9.106,14.215,4.422,9.792
2020-12-01,Norte Grande,DJF,14.565,20.623,9.039,11.585
2020-12-01,Norte Chico,DJF,13.642,19.146,8.549,10.598
2020-12-01,Centro,DJF,16.075,22.654,9.615,13.040
2020-12-01,Sur,DJF,14.292,20.343,8.716,11.626
2020-12-01,Austral,DJF,9.428,12.814,6.293,6.521
2020-12-01,Chile,DJF,12.857,18.003,8.072,9.930
2021-03-01,Norte Grande,MAM,12.347,18.710,6.738,11.972
2021-03-01,Norte Chico,MAM,10.170,15.984,5.134,10.850
2021-03-01,Centro,MAM,11.632,17.804,6.580,11.223
2021-03-01,Sur,MAM,11.237,16.293,7.299,8.994
2021-03-01,Austral,MAM,6.815,9.818,4.180,5.637
2021-03-01,Chile,MAM,9.929,14.874,5.710,9.164
2021-06-01,Norte Grande,JJA,9.114,15.914,3.168,12.746
2021-06-01,Norte Chico,JJA,3.999,10.190,-1.263,11.454
2021-06-01,Centro,JJA,5.624,11.136,1.491,9.645
2021-06-01,Sur,JJA,5.756,9.472,2.838,6.633
2021-06-01,Austral,JJA,2.461,4.668,0.396,4.272
2021-06-01,Chile,JJA,5.222,9.791,1.336,8.455
2021-09-01,Norte Grande,SON,12.857,19.479,6.782,12.697
2021-09-01,Norte Chico,SON,9.673,15.569,4.389,11.180
2021-09-01,Centro,SON,10.457,16.895,4.509,12.386
2021-09-01,Sur,SON,9.418,14.501,5.018,9.483
2021-09-01,Austral,SON,5.398,8.453,2.547,5.905
2021-09-01,Chile,SON,9.101,14.177,4.480,9.697
2021-12-01,Norte Grande,DJF,14.343,19.979,9.330,10.649
2021-12-01,Norte Chico,DJF,13.992,19.087,9.351,9.736
2021-12-01,Centro,DJF,16.453,22.940,10.159,12.781
2021-12-01,Sur,DJF,14.942,20.831,9.532,11.299
2021-12-01,Austral,DJF,9.666,13.173,6.300,6.873
2021-12-01,Chile,DJF,13.073,18.058,8.451,9.607
2022-03-01,Norte Grande,MAM,11.783,18.435,5.954,12.482
2022-03-01,Norte Chico,MAM,9.748,15.554,4.626,10.927
2022-03-01,Centro,MAM,10.674,17.022,5.320,11.702
2022-03-01,Sur,MAM,9.062,13.835,5.327,8.507
2022-03-01,Austral,MAM,5.433,8.131,3.009,5.123
2022-03-01,Chile,MAM,8.829,13.724,4.606,9.118
2022-06-01,Norte Grande,JJA,8.803,15.721,2.924,12.797
2022-06-01,Norte Chico,JJA,3.045,8.601,-1.537,10.138
2022-06-01,Centro,JJA,4.846,9.504,1.145,8.360
2022-06-01,Sur,JJA,4.946,8.118,2.385,5.732
2022-06-01,Austral,JJA,0.979,3.398,-1.243,4.641
2022-06-01,Chile,JJA,4.295,8.687,0.579,8.109
2022-09-01,Norte Grande,SON,11.803,18.655,4.945,13.710
2022-09-01,Norte Chico,SON,8.649,14.315,3.347,10.967
2022-09-01,Centro,SON,10.337,16.535,4.765,11.770
2022-09-01,Sur,SON,9.770,14.898,5.244,9.655
2022-09-01,Austral,SON,5.573,8.669,2.729,5.940
2022-09-01,Chile,SON,8.781,13.872,3.991,9.881
2022-12-01,Norte Grande,DJF,14.563,20.492,9.009,11.483
2022-12-01,Norte Chico,DJF,14.215,19.870,8.993,10.877
2022-12-01,Centro,DJF,17.203,24.346,9.979,14.366
2022-12-01,Sur,DJF,15.156,21.335,9.377,11.958
2022-12-01,Austral,DJF,9.430,12.669,6.483,6.186
2022-12-01,Chile,DJF,13.205,18.379,8.335,10.044
2023-03-01,Norte Grande,MAM,13.485,19.797,7.852,11.945
2023-03-01,Norte Chico,MAM,11.612,17.804,6.322,11.483
2023-03-01,Centro,MAM,12.363,19.096,6.685,12.411
2023-03-01,Sur,MAM,10.717,15.676,6.758,8.918
2023-03-01,Austral,MAM,5.428,8.235,2.908,5.327
2023-03-01,Chile,MAM,9.977,14.953,5.673,9.280
2023-06-01,Norte Grande,JJA,11.317,18.931,4.879,14.053
2023-06-01,Norte Chico,JJA,7.494,14.062,1.961,12.101
2023-06-01,Centro,JJA,6.999,11.778,3.310,8.467
2023-06-01,Sur,JJA,5.925,9.249,3.176,6.073
2023-06-01,Austral,JJA,1.068,3.268,-0.988,4.256
2023-06-01,Chile,JJA,6.017,10.697,2.049,8.648
2023-09-01,Norte Grande,SON,13.869,20.971,7.295,13.676
2023-09-01,Norte Chico,SON,10.281,16.429,4.811,11.618
2023-09-01,Centro,SON,9.460,14.826,4.400,10.427
2023-09-01,Sur,SON,8.069,12.383,4.088,8.295
2023-09-01,Austral,SON,3.931,6.817,1.276,5.541
2023-09-01,Chile,SON,8.637,13.571,4.097,9.474
2023-12-01,Norte Grande,DJF,16.677,22.968,10.996,11.972
2023-12-01,Norte Chico,DJF,15.574,21.330,10.461,10.869
2023-12-01,Centro,DJF,17.142,24.214,10.025,14.189
2023-12-01,Sur,DJF,15.072,21.365,9.247,12.119
2023-12-01,Austral,DJF,9.442,12.846,6.322,6.524
2023-12-01,Chile,DJF,13.920,19.262,8.982,10.280
2024-03-01,Norte Grande,MAM,13.616,20.187,7.942,12.245
2024-03-01,Norte Chico,MAM,9.975,15.781,5.158,10.624
2024-03-01,Centro,MAM,10.397,16.635,5.010,11.625
2024-03-01,Sur,MAM,8.998,13.513,5.252,8.261
2024-03-01,Austral,MAM,4.320,7.219,1.753,5.466
2024-03-01,Chile,MAM,8.907,13.798,4.714,9.084
2024-06-01,Norte Grande,JJA,9.730,17.004,3.502,13.502
2024-06-01,Norte Chico,JJA,4.625,10.590,-0.255,10.846
2024-06-01,Centro,JJA,4.864,9.769,1.212,8.557
2024-06-01,Sur,JJA,5.140,8.823,2.224,6.599
2024-06-01,Austral,JJA,1.454,3.651,-0.543,4.195
2024-06-01,Chile,JJA,4.950,9.523,1.131,8.391
2024-09-01,Norte Grande,SON,13.724,20.711,7.284,13.427
2024-09-01,Norte Chico,SON,10.258,16.559,4.542,12.016
2024-09-01,Centro,SON,10.797,16.994,4.998,11.997
2024-09-01,Sur,SON,9.185,13.898,5.005,8.894
2024-09-01,Austral,SON,5.064,7.780,2.551,5.228
2024-09-01,Chile,SON,9.301,14.331,4.688,9.644
2024-12-01,Norte Grande,DJF,15.286,21.485,9.754,11.731
2024-12-01,Norte Chico,DJF,14.556,20.293,9.286,11.007
2024-12-01,Centro,DJF,17.284,24.543,9.839,14.705
2024-12-01,Sur,DJF,14.817,21.121,8.816,12.305
2024-12-01,Austral,DJF,9.239,12.461,6.229,6.232
2024-12-01,Chile,DJF,13.333,18.613,8.381,10.233
2025-03-01,Norte Grande,MAM,12.968,19.708,7.061,12.647
2025-03-01,Norte Chico,MAM,10.675,17.008,5.225,11.783
2025-03-01,Centro,MAM,11.373,17.821,5.996,11.824
2025-03-01,Sur,MAM,10.265,14.955,6.395,8.560
2025-03-01,Austral,MAM,5.784,8.703,3.186,5.517
2025-03-01,Chile,MAM,9.641,14.710,5.269,9.441
2025-06-01,Norte Grande,JJA,8.901,15.838,2.882,12.957
2025-06-01,Norte Chico,JJA,4.113,10.518,-1.027,11.545
2025-06-01,Centro,JJA,5.387,10.858,1.424,9.434
2025-06-01,Sur,JJA,6.019,9.882,3.102,6.780
2025-06-01,Austral,JJA,2.106,4.509,-0.023,4.531
2025-06-01,Chile,JJA,5.077,9.793,1.190,8.603
2025-09-01,Norte Grande,SON,12.959,19.901,6.369,13.533
2025-09-01,Norte Chico,SON,9.654,15.941,3.928,12.013
2025-09-01,Centro,SON,10.777,17.342,4.698,12.643
2025-09-01,Sur,SON,10.203,15.114,5.755,9.359
2025-09-01,Austral,SON,5.641,8.803,2.798,6.005
2025-09-01,Chile,SON,9.359,14.599,4.523,10.076
