time,Arica,Antofagasta,La Serena,Santiago,Concepción,Temuco,Valdivia,Puerto Montt,Punta Arenas
2000-01-01,21.423,3.386,0.361,0.667,3.042,27.859,24.162,87.053,128.920
2000-02-01,4.077,7.088,0.586,26.945,58.487,159.863,151.219,198.200,45.062
2000-03-01,11.143,8.047,0.423,0.549,3.423,56.185,43.841,138.995,61.872
2000-04-01,11.789,30.784,6.464,21.393,29.300,85.908,107.433,154.999,89.161
2000-05-01,28.011,37.481,14.514,32.544,47.040,129.110,147.772,142.638,60.824
2000-06-01,53.700,18.387,55.969,351.057,487.581,519.015,727.199,491.569,58.258
2000-07-01,52.017,17.826,18.897,65.743,50.302,159.840,352.482,344.610,62.152
2000-08-01,39.717,10.897,1.697,56.960,135.253,179.700,143.998,207.778,52.611
2000-09-01,27.860,12.035,35.529,134.866,166.443,181.800,214.679,187.863,31.914
2000-10-01,19.112,10.666,0.977,60.568,21.644,76.349,121.417,190.439,75.757
2000-11-01,8.684,8.891,1.025,35.578,21.643,68.998,96.171,184.740,96.241
2000-12-01,5.524,5.338,0.120,1.159,17.368,76.079,85.211,138.174,121.117
2001-01-01,7.204,3.908,0.398,1.874,32.708,86.115,151.576,292.825,132.573
2001-02-01,18.744,2.973,0.286,0.075,3.280,26.685,43.226,110.420,120.576
2001-03-01,12.555,4.935,6.322,43.089,43.750,76.450,91.732,171.482,76.821
2001-04-01,15.139,20.571,2.889,34.899,27.212,56.796,60.522,120.185,86.579
2001-05-01,47.865,19.789,3.404,94.734,294.605,314.640,347.565,328.723,55.675
2001-06-01,45.528,23.880,1.501,17.555,157.689,273.161,380.076,291.017,56.796
2001-07-01,42.542,10.829,43.327,270.364,347.043,403.972,522.961,415.756,52.012
2001-08-01,34.604,17.484,34.939,109.112,167.862,178.093,271.389,242.129,79.071
2001-09-01,40.505,13.269,26.869,57.127,30.859,55.511,94.847,113.403,52.997
2001-10-01,17.971,9.569,10.594,23.204,19.675,43.415,56.055,105.045,59.423
2001-11-01,7.329,12.741,0.299,10.223,21.542,79.865,73.772,157.888,125.505
2001-12-01,8.374,10.572,0.743,4.756,0.010,1.447,10.643,37.559,97.692
2002-01-01,3.039,6.784,0.432,3.449,2.624,23.418,29.982,67.650,70.723
2002-02-01,8.387,2.614,0.534,1.796,33.720,52.738,54.431,113.921,66.428
2002-03-01,5.616,6.956,0.427,16.624,103.995,139.131,186.632,196.614,51.060
2002-04-01,8.577,20.681,3.989,30.126,59.633,103.527,144.683,207.223,82.767
2002-05-01,40.362,14.434,66.972,177.177,231.225,222.741,380.971,411.109,36.148
2002-06-01,57.472,22.142,59.002,251.718,132.912,170.570,281.701,242.316,37.239
2002-07-01,54.904,20.549,73.644,103.355,158.816,165.694,283.237,227.228,32.267
2002-08-01,42.887,10.469,34.100,149.217,257.691,214.023,322.773,346.880,55.030
2002-09-01,31.321,4.695,0.862,58.693,94.432,162.044,219.328,235.939,65.937
2002-10-01,20.769,9.298,0.173,24.731,127.468,283.023,434.525,434.724,96.205
2002-11-01,9.517,13.643,0.165,7.122,46.939,175.110,255.525,312.043,72.537
2002-12-01,8.791,8.655,0.706,8.507,17.696,79.819,93.139,142.285,78.220
2003-01-01,8.620,6.391,0.165,13.723,10.016,31.794,44.557,154.501,118.804
2003-02-01,3.854,6.167,0.295,0.084,0.303,12.074,22.085,74.942,85.708
2003-03-01,9.196,10.657,1.327,3.420,3.255,29.237,51.469,84.967,118.572
2003-04-01,12.642,14.797,1.494,3.153,11.851,41.035,77.974,125.107,35.748
2003-05-01,32.951,17.017,64.833,83.365,89.459,64.407,102.228,136.421,94.974
2003-06-01,37.539,27.200,17.121,62.725,258.704,439.116,647.932,422.090,90.266
2003-07-01,44.752,11.540,20.167,79.945,80.923,183.877,213.958,232.180,120.451
2003-08-01,42.627,13.757,0.648,22.982,49.366,129.455,176.882,249.959,31.218
2003-09-01,32.086,6.049,1.752,34.278,89.224,192.581,276.564,277.436,39.460
2003-10-01,15.515,13.936,0.314,9.043,53.365,98.731,139.089,186.456,119.362
2003-11-01,12.938,11.200,0.527,26.636,84.803,117.992,138.638,193.256,79.647
2003-12-01,5.133,6.633,0.179,1.109,7.397,68.430,88.358,242.180,123.088
2004-01-01,10.951,7.297,0.240,2.666,0.341,12.657,26.701,60.065,119.782
2004-02-01,9.498,6.771,0.505,0.860,5.992,25.738,29.788,55.061,62.451
2004-03-01,3.851,14.208,3.269,27.637,38.433,76.279,101.225,156.389,81.019
2004-04-01,10.448,11.462,3.472,54.565,95.673,213.310,302.592,386.710,60.511
2004-05-01,44.195,17.311,2.852,18.982,34.931,25.671,55.343,71.972,46.691
2004-06-01,51.109,17.532,2.862,55.446,179.679,331.999,483.157,487.635,95.328
2004-07-01,42.935,15.714,47.053,120.273,198.660,267.780,340.395,259.503,81.615
2004-08-01,32.793,25.263,12.635,117.537,119.644,136.368,192.893,212.085,61.628
2004-09-01,25.599,19.832,1.160,65.523,63.859,111.137,175.577,187.960,68.427
2004-10-01,23.913,12.380,0.307,29.772,67.050,185.688,188.688,271.036,71.783
2004-11-01,12.024,10.533,1.805,69.263,34.369,86.626,96.504,136.532,78.384
2004-12-01,6.841,3.776,0.898,2.308,14.000,67.016,79.221,167.239,99.574
2005-01-01,8.552,4.750,0.222,6.548,1.084,31.699,39.311,142.848,97.190
2005-02-01,20.819,7.154,1.171,0.484,0.141,4.638,5.108,30.060,33.264
2005-03-01,2.620,6.373,3.002,13.905,14.477,65.670,105.139,237.013,98.853
2005-04-01,21.362,14.869,1.476,10.155,15.554,38.627,54.492,124.382,149.197
2005-05-01,39.274,14.787,34.743,85.509,270.472,454.506,692.067,609.907,61.435
2005-06-01,39.439,13.432,7.828,171.619,213.821,337.768,416.534,339.916,28.425
2005-07-01,61.841,24.721,5.694,79.951,146.765,202.308,361.971,255.825,53.301
2005-08-01,39.467,19.377,23.483,201.140,154.945,252.331,317.606,295.668,64.953
2005-09-01,45.188,10.882,7.920,68.999,40.755,89.945,99.381,119.645,44.008
2005-10-01,26.257,12.143,2.238,75.290,33.675,57.671,60.860,99.655,74.512
2005-11-01,8.996,13.038,0.188,23.457,35.511,164.615,171.923,255.629,70.780
2005-12-01,8.915,5.561,0.297,2.973,28.312,53.246,39.028,58.935,74.276
2006-01-01,21.244,3.145,0.120,0.838,10.489,78.416,123.663,226.662,145.931
2006-02-01,24.585,9.192,0.490,4.190,1.680,27.832,18.927,90.315,69.788
2006-03-01,5.687,8.154,0.663,0.613,8.311,58.973,80.309,175.447,92.815
2006-04-01,6.512,22.289,1.430,9.266,109.357,155.760,205.747,242.112,116.117
2006-05-01,35.336,25.903,7.322,20.741,119.048,144.727,248.597,195.588,57.344
2006-06-01,49.010,22.813,27.901,82.137,292.342,357.466,485.738,400.991,39.050
2006-07-01,43.808,8.928,39.870,251.243,282.417,307.643,511.858,403.342,71.822
2006-08-01,40.850,15.894,4.367,62.140,180.280,210.147,314.570,236.586,79.712
2006-09-01,27.380,10.676,1.764,34.091,44.953,135.623,179.439,198.579,86.984
2006-10-01,19.574,10.307,13.108,84.511,66.001,159.646,166.309,237.325,74.000
2006-11-01,9.403,11.333,0.288,15.864,6.687,38.589,58.228,110.413,71.722
2006-12-01,6.265,9.469,0.124,1.799,41.977,91.178,149.807,285.329,107.160
2007-01-01,5.275,7.247,0.094,4.045,14.558,29.950,35.078,54.499,83.321
2007-02-01,9.274,6.430,0.967,21.391,25.639,46.857,37.224,79.149,75.767
2007-03-01,3.646,9.245,2.025,34.033,21.787,21.042,32.047,126.097,103.166
2007-04-01,9.521,21.780,1.242,4.601,71.268,140.341,168.716,189.682,152.123
2007-05-01,44.940,27.280,3.442,21.185,58.372,103.963,96.210,139.570,99.828
2007-06-01,36.001,23.351,28.859,100.629,86.322,190.672,217.532,180.315,126.624
2007-07-01,44.257,10.173,6.014,79.428,107.097,282.810,288.055,260.679,50.559
2007-08-01,49.738,16.072,15.345,92.419,88.294,189.339,186.102,206.994,81.123
2007-09-01,42.074,15.358,1.796,26.503,45.941,81.037,171.532,263.806,85.475
2007-10-01,22.161,15.778,0.507,16.909,22.002,90.638,152.964,232.579,91.407
2007-11-01,23.033,11.667,0.697,11.423,4.033,32.427,42.784,94.290,77.531
2007-12-01,14.693,8.895,0.497,1.666,10.919,40.817,51.094,103.398,113.747
2008-01-01,34.733,4.071,0.228,1.417,1.127,21.658,32.035,70.080,59.410
2008-02-01,2.649,11.695,0.441,3.146,1.681,8.739,29.872,67.147,104.699
2008-03-01,8.536,3.681,1.662,38.081,9.265,49.372,47.040,94.339,122.696
2008-04-01,12.301,16.949,2.518,25.079,47.700,79.997,80.832,232.679,85.422
2008-05-01,36.060,20.547,28.463,162.991,269.475,251.525,457.020,437.330,46.742
2008-06-01,48.935,24.845,10.547,63.654,91.951,180.586,218.193,267.661,44.456
2008-07-01,52.818,30.894,34.255,72.597,189.210,325.397,575.969,447.943,65.942
2008-08-01,37.135,12.251,39.252,175.774,173.412,397.203,472.026,379.431,115.393
2008-09-01,36.220,10.667,5.374,52.215,62.984,77.998,86.304,97.223,22.305
2008-10-01,27.184,13.825,0.855,11.559,26.763,51.306,58.412,124.535,87.237
2008-11-01,8.897,13.250,5.341,3.806,8.858,50.604,69.169,145.053,86.323
2008-12-01,13.077,7.356,1.119,1.959,7.917,19.517,27.213,45.913,83.784
2009-01-01,3.710,5.677,0.468,1.064,3.195,16.176,24.115,73.700,103.848
2009-02-01,8.333,6.145,0.299,2.794,6.503,40.790,35.762,100.411,79.531
2009-03-01,7.182,4.845,0.647,0.534,2.037,29.778,43.421,125.514,110.497
2009-04-01,7.968,18.959,1.027,0.176,13.014,72.985,99.986,186.496,131.950
2009-05-01,40.870,28.695,16.216,17.944,127.345,270.675,401.561,360.235,73.139
2009-06-01,52.928,16.779,17.640,108.130,253.329,195.947,307.245,271.631,100.302
2009-07-01,60.000,9.971,7.651,44.681,105.091,134.474,169.651,174.981,53.367
2009-08-01,41.667,11.572,33.847,117.258,184.033,361.032,522.071,477.129,85.910
2009-09-01,45.746,13.736,1.419,114.517,51.302,91.402,133.647,124.728,69.588
2009-10-01,21.218,7.849,0.124,39.376,54.077,186.888,212.082,268.449,77.443
2009-11-01,14.683,7.779,0.062,7.743,41.755,123.108,124.325,238.423,83.939
2009-12-01,12.202,4.802,0.160,0.763,2.865,61.830,82.581,192.312,50.217
2010-01-01,13.366,5.937,0.388,0.534,8.578,33.180,48.091,127.080,143.126
2010-02-01,7.045,10.696,0.561,0.557,46.178,85.882,124.430,178.913,74.599
2010-03-01,7.413,17.502,2.803,1.595,6.807,45.428,65.397,134.239,79.779
2010-04-01,23.143,17.430,2.743,11.030,3.522,18.679,39.453,112.759,72.201
2010-05-01,52.772,22.913,100.005,69.459,33.728,81.651,115.583,179.537,81.206
2010-06-01,53.618,24.922,35.970,114.577,196.418,270.786,331.196,303.821,68.323
2010-07-01,44.418,23.252,6.951,66.511,191.114,256.594,317.432,276.942,45.515
2010-08-01,33.606,23.710,13.308,26.788,111.875,248.706,337.351,286.685,60.030
2010-09-01,30.193,16.051,15.665,58.698,18.752,49.603,74.285,142.816,67.986
2010-10-01,29.227,19.944,0.349,28.369,40.216,95.979,137.540,166.963,90.078
2010-11-01,10.366,16.374,0.451,56.057,17.227,75.194,88.377,167.503,78.065
2010-12-01,5.928,8.513,0.157,5.643,15.982,60.176,63.459,120.046,89.195
2011-01-01,14.858,4.614,0.675,5.827,13.185,69.153,52.189,155.367,98.424
2011-02-01,13.828,2.350,0.730,4.457,7.686,34.098,24.556,82.306,79.074
2011-03-01,3.297,8.707,0.802,3.474,22.135,86.773,103.280,208.053,66.874
2011-04-01,9.429,21.676,2.865,15.463,65.327,145.732,159.097,186.109,166.256
2011-05-01,36.210,28.560,1.757,9.547,22.885,115.562,152.564,157.282,78.516
2011-06-01,58.148,28.908,70.169,75.883,134.604,213.849,256.604,264.809,80.308
2011-07-01,56.868,47.203,20.504,92.894,136.192,153.656,308.840,342.038,72.180
2011-08-01,40.118,14.465,4.871,75.840,193.641,237.626,389.588,302.953,50.031
2011-09-01,33.030,11.190,0.222,20.291,53.974,159.930,229.746,276.888,71.908
2011-10-01,21.172,10.036,20.284,24.034,18.268,52.502,58.748,106.807,74.936
2011-11-01,8.865,13.055,0.071,5.187,32.082,59.451,70.021,157.626,92.654
2011-12-01,8.663,9.217,0.283,1.355,3.046,9.506,20.622,64.378,63.383
2012-01-01,20.015,6.121,0.773,4.492,10.328,41.729,81.220,125.671,86.122
2012-02-01,28.150,4.828,0.226,0.839,48.622,119.578,183.077,275.403,88.261
2012-03-01,11.024,4.952,0.882,0.370,5.571,55.084,47.717,78.703,133.385
2012-04-01,12.129,22.869,6.336,19.616,5.530,36.903,47.045,114.657,96.212
2012-05-01,46.354,18.481,8.841,71.764,137.476,184.980,307.767,297.509,59.903
2012-06-01,46.282,10.812,0.812,82.120,202.950,285.568,322.248,361.876,56.243
2012-07-01,46.655,10.922,1.752,21.733,22.643,115.116,161.748,231.610,79.098
2012-08-01,47.900,20.634,11.933,93.433,155.326,150.049,302.520,267.970,59.370
2012-09-01,27.765,20.543,4.661,27.475,19.475,80.529,113.659,169.029,127.278
2012-10-01,21.733,12.205,1.214,76.604,36.825,76.430,63.861,104.223,74.173
2012-11-01,9.763,10.811,0.323,23.775,32.602,51.421,41.470,56.724,101.524
2012-12-01,8.776,4.916,0.412,33.685,86.462,214.554,301.025,382.470,124.975
2013-01-01,10.650,7.932,2.342,8.581,1.371,18.407,18.623,43.795,75.111
2013-02-01,5.874,5.086,1.076,10.973,14.585,51.411,122.272,224.606,72.881
2013-03-01,6.759,11.980,0.856,3.502,8.237,29.349,44.579,127.919,92.976
2013-04-01,12.521,24.433,1.614,20.970,12.446,79.982,136.860,127.211,95.523
2013-05-01,37.754,19.211,42.159,104.802,159.617,184.836,345.039,386.017,100.583
2013-06-01,50.448,17.807,10.544,27.059,112.130,176.494,232.736,332.550,106.287
2013-07-01,37.894,7.668,18.546,28.229,96.904,165.211,209.249,219.245,80.091
2013-08-01,39.206,17.518,1.565,45.082,84.210,188.142,264.186,383.083,65.107
2013-09-01,30.917,8.123,1.425,33.186,49.301,128.921,221.636,234.053,33.490
2013-10-01,30.825,16.550,0.715,7.954,40.500,48.454,68.163,117.131,74.557
2013-11-01,8.174,13.063,1.195,6.562,11.232,60.349,104.912,144.875,93.064
2013-12-01,5.924,10.711,0.783,0.969,1.152,10.525,20.864,62.128,147.175
2014-01-01,7.027,5.379,0.116,0.988,10.977,78.873,54.823,131.858,112.920
2014-02-01,1.587,4.597,0.567,8.167,7.538,25.735,28.979,94.181,82.364
2014-03-01,2.668,10.558,0.575,2.699,39.711,128.061,108.174,175.160,113.447
2014-04-01,15.945,22.455,0.772,1.350,29.065,68.567,102.883,162.558,56.623
2014-05-01,57.337,25.785,2.221,21.695,124.931,236.125,303.490,299.463,41.851
2014-06-01,64.322,19.500,28.582,115.183,251.108,313.783,461.821,393.171,103.147
2014-07-01,52.950,13.776,7.468,68.791,214.188,279.775,418.990,371.942,45.703
2014-08-01,34.910,9.277,1.882,72.022,115.149,151.617,218.937,234.114,84.447
2014-09-01,38.804,18.637,16.668,106.064,122.472,190.380,265.071,283.113,74.773
2014-10-01,25.614,16.646,0.548,17.944,18.303,69.293,133.318,206.488,57.171
2014-11-01,10.327,12.630,0.332,19.920,3.746,35.693,45.086,105.681,128.930
2014-12-01,10.554,8.080,0.652,4.152,16.919,23.000,27.137,88.609,137.169
2015-01-01,11.329,8.320,1.018,0.450,0.018,1.082,1.225,19.658,52.882
2015-02-01,17.460,6.687,0.356,6.479,1.551,0.653,1.394,19.489,77.976
2015-03-01,25.622,30.249,56.385,4.567,3.319,8.516,21.598,83.530,123.679
2015-04-01,7.908,26.989,2.523,0.552,21.711,72.920,106.466,193.548,84.572
2015-05-01,53.925,16.577,2.453,2.443,70.506,256.778,297.677,340.007,117.804
2015-06-01,42.541,8.784,1.340,1.572,99.800,274.196,346.776,308.819,130.126
2015-07-01,56.563,13.035,20.995,72.138,232.094,321.192,492.056,458.212,138.140
2015-08-01,42.506,16.791,57.611,158.168,215.643,299.054,406.796,413.214,87.286
2015-09-01,28.893,5.704,2.433,103.194,105.929,146.617,125.027,143.039,68.226
2015-10-01,29.341,3.380,43.735,119.767,94.515,113.244,94.582,132.609,40.730
2015-11-01,22.645,8.862,0.242,41.461,11.052,49.327,76.698,153.133,76.359
2015-12-01,20.959,8.491,0.092,1.405,13.280,81.205,51.710,105.769,50.983
2016-01-01,8.301,7.633,0.739,12.669,13.169,29.787,43.656,48.888,34.783
2016-02-01,19.613,5.967,0.623,0.605,0.117,5.625,18.784,60.356,88.919
2016-03-01,4.585,12.801,1.945,0.075,10.172,31.043,39.202,55.067,76.465
2016-04-01,22.046,16.080,2.484,216.847,71.640,120.767,151.619,168.600,57.035
2016-05-01,40.484,6.414,25.186,59.822,87.048,111.982,85.091,66.202,11.851
2016-06-01,49.860,13.431,26.313,68.292,4.765,24.548,30.616,69.393,79.110
2016-07-01,49.162,16.727,29.201,123.496,194.701,269.580,291.373,184.836,56.260
2016-08-01,37.577,12.032,0.647,7.818,60.158,219.474,284.919,322.272,55.097
2016-09-01,27.582,16.110,0.157,10.408,21.363,61.007,109.117,146.118,21.813
2016-10-01,20.741,8.932,1.580,94.142,73.500,137.421,152.546,166.502,51.798
2016-11-01,9.959,6.086,0.510,12.864,15.477,55.299,57.683,135.160,88.826
2016-12-01,7.391,12.562,1.737,33.835,35.136,99.506,105.036,170.369,105.051
2017-01-01,28.688,5.087,0.118,0.196,3.084,19.018,43.502,124.782,132.557
2017-02-01,3.905,2.655,0.822,5.302,9.600,66.148,91.116,175.761,95.722
2017-03-01,3.094,9.995,0.473,4.373,20.567,73.680,59.791,103.773,69.692
2017-04-01,6.413,16.250,1.113,23.197,31.585,101.759,105.432,194.086,69.008
2017-05-01,45.098,18.063,150.231,135.827,123.026,146.094,231.566,337.866,63.708
2017-06-01,47.389,26.773,47.288,119.444,228.802,252.999,334.431,377.796,40.310
2017-07-01,42.123,20.388,3.536,54.927,98.980,134.222,191.718,184.493,67.747
2017-08-01,45.114,18.574,5.735,99.070,214.726,290.894,438.504,442.272,91.725
2017-09-01,32.809,21.423,0.682,65.739,71.334,129.252,179.281,175.525,75.852
2017-10-01,20.750,12.656,0.416,62.528,66.071,198.637,253.767,307.560,105.718
2017-11-01,11.222,13.884,1.389,12.885,29.274,51.915,71.131,102.928,108.187
2017-12-01,6.969,12.620,0.369,1.795,2.822,41.795,67.009,192.531,108.467
2018-01-01,5.169,11.229,0.737,2.427,4.306,31.483,44.946,110.929,129.055
2018-02-01,24.346,4.681,0.616,1.243,10.661,17.444,17.702,49.257,80.409
2018-03-01,4.459,8.357,0.376,4.233,48.320,143.048,201.610,236.693,91.971
2018-04-01,9.481,13.699,3.110,4.652,60.026,146.451,186.687,229.446,136.605
2018-05-01,31.166,15.572,3.447,33.277,142.765,198.641,190.514,247.136,66.366
2018-06-01,51.778,7.024,25.632,66.081,69.490,223.917,231.658,253.734,47.014
2018-07-01,41.467,11.482,10.074,103.108,128.064,117.098,168.034,146.848,45.682
2018-08-01,40.703,9.916,0.248,43.400,73.133,173.705,330.566,312.292,67.819
2018-09-01,27.673,8.339,0.539,71.277,117.890,178.852,267.904,285.232,58.420
2018-10-01,17.100,10.463,4.050,33.307,65.534,150.086,140.425,222.905,52.402
2018-11-01,8.276,4.875,0.023,10.414,45.486,123.913,154.508,240.890,85.434
2018-12-01,10.049,5.023,0.439,6.248,13.055,48.119,59.304,120.804,97.992
2019-01-01,24.359,5.397,0.369,2.721,7.393,27.201,14.951,64.182,77.745
2019-02-01,27.900,3.311,0.482,1.359,4.545,8.691,18.926,31.945,63.093
2019-03-01,2.881,16.044,2.919,4.206,7.847,38.994,40.099,112.141,83.099
2019-04-01,13.988,20.429,5.960,9.556,1.689,40.791,55.497,125.399,141.783
2019-05-01,42.254,20.025,8.444,35.762,172.105,178.542,240.538,268.258,81.767
2019-06-01,46.339,16.968,2.259,81.624,267.430,319.639,342.990,346.596,71.590
2019-07-01,49.598,21.864,1.191,25.557,85.702,275.757,415.541,347.564,103.098
2019-08-01,27.690,12.578,0.167,5.317,49.841,128.026,196.646,218.542,59.470
2019-09-01,31.467,14.186,1.992,29.474,56.337,77.654,75.515,132.145,49.270
2019-10-01,19.445,11.182,0.954,32.750,29.793,77.091,116.894,160.576,55.096
2019-11-01,11.126,9.993,0.438,4.559,12.538,46.992,92.219,199.242,112.853
2019-12-01,4.754,3.094,0.135,1.241,2.676,20.961,33.873,101.788,140.172
2020-01-01,43.432,8.383,0.220,1.600,6.430,24.324,21.462,91.177,113.783
2020-02-01,18.063,5.379,0.153,0.042,2.691,32.481,30.200,94.866,89.970
2020-03-01,11.800,4.942,0.653,0.116,17.005,28.483,59.585,106.310,111.365
2020-04-01,13.233,20.011,1.054,13.478,57.948,56.731,144.154,171.047,38.421
2020-05-01,42.123,13.551,15.069,6.603,25.374,147.087,157.964,301.479,100.516
2020-06-01,46.798,21.210,48.243,172.059,234.576,286.412,493.739,375.856,67.047
2020-07-01,36.997,20.014,0.687,114.029,153.698,336.451,397.257,334.041,33.905
2020-08-01,36.582,12.166,2.970,43.188,80.201,127.744,191.544,256.307,74.648
2020-09-01,32.070,14.849,0.317,8.966,37.268,82.958,89.557,151.295,61.435
2020-10-01,20.357,12.444,0.669,0.605,8.357,49.207,63.341,127.187,103.042
2020-11-01,6.971,15.930,0.360,3.024,0.904,29.832,35.711,110.196,88.776
2020-12-01,19.251,9.217,0.103,0.919,7.861,54.891,56.370,133.448,98.090
2021-01-01,5.533,5.732,0.549,54.182,23.853,75.593,34.698,81.515,84.440
2021-02-01,2.567,4.624,0.646,3.888,2.822,10.066,13.154,20.971,44.051
2021-03-01,4.192,11.049,0.992,13.107,2.988,19.348,29.694,54.621,105.795
2021-04-01,19.279,21.330,2.543,4.652,27.312,37.313,138.449,231.473,118.256
2021-05-01,27.707,16.148,3.400,37.815,109.541,198.327,204.962,238.324,30.400
2021-06-01,49.165,12.609,10.913,49.935,108.691,206.355,234.228,314.638,53.371
2021-07-01,43.903,21.603,2.486,11.809,44.867,79.819,118.021,175.666,97.828
2021-08-01,39.372,15.204,4.435,90.536,118.434,206.274,277.874,259.945,95.994
2021-09-01,27.248,14.731,3.369,55.423,68.010,73.211,117.961,147.320,60.719
2021-10-01,15.957,13.378,0.234,19.970,15.737,46.766,54.882,107.735,97.147
2021-11-01,9.715,10.685,0.191,6.404,2.302,26.965,40.943,102.631,78.807
2021-12-01,16.693,9.843,0.819,3.769,1.512,13.430,34.287,74.237,74.909
2022-01-01,8.086,4.106,0.202,2.642,10.545,68.750,75.755,145.455,63.703
2022-02-01,9.604,2.603,0.766,4.463,14.231,40.450,26.429,87.282,62.790
2022-03-01,2.029,6.182,0.639,0.522,4.983,70.492,92.303,189.365,100.127
2022-04-01,10.322,30.524,1.015,39.165,100.030,201.402,193.200,292.344,65.606
2022-05-01,42.444,11.812,5.455,0.451,68.299,88.934,129.162,153.753,56.621
2022-06-01,48.786,18.926,23.461,48.247,175.242,304.542,297.250,267.336,53.246
2022-07-01,37.650,25.957,76.098,114.880,191.117,303.470,390.274,380.917,74.067
2022-08-01,36.353,17.730,7.163,59.537,105.048,176.197,157.241,165.609,75.838
2022-09-01,34.473,10.379,0.386,51.697,13.142,60.769,119.368,158.634,64.061
2022-10-01,18.612,10.592,0.562,16.080,36.098,117.651,123.364,190.245,98.315
2022-11-01,7.706,14.192,0.221,14.340,14.122,44.035,46.422,91.950,50.222
2022-12-01,8.546,3.034,0.435,11.782,6.055,33.400,47.354,109.607,96.635
2023-01-01,5.310,2.145,0.470,1.585,1.041,14.557,15.013,56.201,68.099
2023-02-01,1.687,4.772,0.123,0.354,0.291,7.674,10.256,69.549,113.114
2023-03-01,3.694,3.447,0.790,0.362,3.247,71.284,107.973,151.998,130.085
2023-04-01,3.528,19.077,0.750,21.501,33.543,101.927,127.224,183.532,113.375
2023-05-01,37.933,18.486,1.794,13.493,82.525,126.600,205.397,203.714,89.136
2023-06-01,44.505,9.673,1.412,98.968,225.574,252.675,333.885,333.582,71.344
2023-07-01,44.899,13.915,6.535,61.261,110.991,219.078,369.149,302.055,34.480
2023-08-01,37.719,8.473,1.998,155.892,180.842,241.076,250.160,357.385,86.237
2023-09-01,32.031,9.514,1.951,84.533,136.560,249.006,286.827,309.029,41.228
2023-10-01,14.361,13.282,0.466,34.861,36.815,61.956,86.614,106.144,78.715
2023-11-01,11.934,8.775,1.806,38.644,40.199,118.108,156.205,237.197,75.068
2023-12-01,4.758,7.496,0.740,0.212,5.257,30.975,40.157,67.796,50.259
2024-01-01,4.682,4.767,0.368,0.076,0.033,2.972,7.567,53.415,81.531
2024-02-01,16.405,6.683,1.123,8.136,2.773,10.208,29.518,60.800,98.358
2024-03-01,4.904,5.553,0.830,0.047,22.269,95.975,107.407,196.480,86.163
2024-04-01,7.552,24.085,7.103,11.306,69.267,148.965,195.751,263.503,109.895
2024-05-01,43.041,17.237,24.682,133.926,93.191,189.447,227.972,219.785,36.757
2024-06-01,43.159,7.214,72.625,257.642,403.970,441.917,544.124,382.510,30.581
2024-07-01,41.238,9.075,1.950,1.519,27.211,58.553,108.430,127.302,81.052
2024-08-01,44.784,11.760,43.652,112.223,165.843,162.987,183.381,169.845,64.717
2024-09-01,23.272,8.046,0.086,14.642,86.432,213.147,232.707,306.617,85.043
2024-10-01,22.145,7.774,3.339,42.469,24.045,41.724,40.686,58.186,103.060
2024-11-01,7.276,6.727,0.209,1.333,17.185,77.536,118.174,242.916,91.084
2024-12-01,2.739,6.108,0.377,0.711,1.817,19.225,20.626,68.219,70.713
2025-01-01,4.977,3.713,0.452,0.438,0.325,29.949,27.762,60.245,102.645
2025-02-01,9.741,0.445,0.333,0.000,0.869,17.118,37.442,75.034,92.211
2025-03-01,4.264,13.746,0.466,9.301,28.752,114.803,76.400,139.094,91.234
2025-04-01,8.328,16.969,0.907,2.949,54.973,161.082,200.948,219.020,44.310
2025-05-01,30.037,20.342,1.068,53.590,93.972,144.445,211.589,307.101,76.972
2025-06-01,53.210,11.829,11.810,79.569,129.022,163.454,230.891,267.674,47.947
2025-07-01,41.235,28.665,8.980,16.076,154.948,169.992,278.039,236.848,63.735
2025-08-01,49.321,11.874,53.662,146.068,73.662,105.054,140.268,230.138,31.587
2025-09-01,22.872,8.114,0.358,50.164,59.223,163.229,205.131,216.445,44.451
2025-10-01,16.267,6.261,0.176,26.959,23.131,85.882,102.348,240.582,93.387
2025-11-01,10.709,7.526,0.444,6.628,4.769,49.982,30.919,73.469,113.164
2025-12-01,1.553,6.280,1.266,10.312,9.775,53.960,50.584,119.327,152.868
