time,Norte Grande,Norte Chico,Centro,Sur,Austral,Chile
2000-01-01,72.036,10.104,5.181,51.488,293.392,125.693
2000-02-01,34.925,6.044,54.448,187.106,184.480,105.239
2000-03-01,18.914,4.358,6.619,88.456,214.654,90.815
2000-04-01,5.588,11.176,30.324,108.471,258.665,108.985
2000-05-01,7.763,30.200,60.547,136.169,149.170,83.493
2000-06-01,7.290,63.881,554.820,630.390,198.799,237.214
2000-07-01,6.167,32.475,76.491,260.825,258.041,139.960
2000-08-01,1.360,7.975,71.985,230.691,189.973,107.449
2000-09-01,0.598,22.227,218.403,228.764,153.536,114.682
2000-10-01,2.399,3.496,34.764,129.287,246.288,106.502
2000-11-01,0.963,12.063,47.215,115.188,253.921,109.405
2000-12-01,8.956,5.690,15.290,113.033,400.674,155.287
2001-01-01,56.465,12.424,27.621,174.757,356.168,163.855
2001-02-01,86.564,16.894,2.878,57.205,360.233,153.218
2001-03-01,62.942,42.806,23.562,114.588,292.026,139.250
2001-04-01,8.663,8.941,47.847,94.180,245.427,105.040
2001-05-01,4.273,21.336,217.229,403.715,271.273,180.244
2001-06-01,1.495,3.545,85.784,352.678,239.444,142.872
2001-07-01,0.830,35.740,437.821,503.901,168.926,188.757
2001-08-01,3.140,32.140,182.914,255.966,264.239,153.426
2001-09-01,2.885,19.889,41.368,85.909,159.843,74.631
2001-10-01,1.967,10.641,27.174,61.151,148.641,63.949
2001-11-01,5.426,4.558,29.800,109.676,333.585,133.099
2001-12-01,21.727,27.324,12.055,17.051,235.029,91.930
2002-01-01,9.047,8.235,12.158,49.040,228.090,88.307
2002-02-01,41.158,4.906,36.662,97.222,208.861,99.467
2002-03-01,41.982,3.854,65.860,194.279,261.374,134.798
2002-04-01,9.326,12.965,42.182,168.866,336.941,146.602
2002-05-01,15.987,99.097,247.979,312.277,249.922,177.889
2002-06-01,3.606,34.792,220.184,261.613,156.145,123.185
2002-07-01,25.978,73.942,161.593,217.477,231.031,146.016
2002-08-01,2.390,40.324,301.510,347.918,168.115,150.191
2002-09-01,0.494,7.862,103.360,216.328,248.382,128.428
2002-10-01,8.749,4.936,95.096,403.597,357.438,192.881
2002-11-01,8.090,4.131,35.623,230.132,271.791,131.398
2002-12-01,8.372,12.534,23.060,106.129,253.305,106.869
2003-01-01,30.010,4.399,29.235,87.780,336.141,136.821
2003-02-01,16.300,2.571,1.772,39.086,287.242,106.327
2003-03-01,17.482,4.284,7.226,48.396,278.929,106.123
2003-04-01,3.070,5.398,11.442,76.377,131.837,58.158
2003-05-01,6.210,37.272,114.749,114.753,276.451,130.099
2003-06-01,0.918,10.260,203.503,540.270,315.516,210.856
2003-07-01,7.835,22.752,107.181,221.260,289.911,147.521
2003-08-01,2.231,5.765,47.921,190.851,262.019,122.652
2003-09-01,0.933,4.788,77.727,245.391,257.474,132.262
2003-10-01,1.481,4.122,42.567,163.952,390.318,160.483
2003-11-01,2.713,6.890,63.404,154.790,271.335,122.653
2003-12-01,9.795,3.581,18.300,135.240,332.190,135.929
2004-01-01,43.048,12.578,8.748,31.598,274.985,110.167
2004-02-01,48.181,9.754,11.146,35.619,96.990,52.474
2004-03-01,9.806,9.278,46.926,110.066,304.029,127.160
2004-04-01,1.560,14.184,119.141,333.724,334.185,177.374
2004-05-01,0.769,6.146,31.989,47.803,109.206,48.447
2004-06-01,0.843,7.466,137.725,450.691,390.454,214.362
2004-07-01,8.912,51.985,186.969,320.931,232.430,157.178
2004-08-01,19.136,33.765,101.666,166.806,178.221,106.045
2004-09-01,2.469,8.209,95.406,174.886,325.036,147.545
2004-10-01,1.471,9.620,72.650,219.718,266.255,131.670
2004-11-01,0.666,23.520,73.237,118.768,192.341,94.139
2004-12-01,12.944,4.014,29.201,113.047,363.421,145.288
2005-01-01,50.280,15.524,15.389,70.252,280.759,120.805
2005-02-01,58.647,9.437,3.181,13.729,103.415,53.027
2005-03-01,15.090,18.114,27.485,131.772,317.254,135.022
2005-04-01,11.326,19.883,17.587,78.661,330.060,129.645
2005-05-01,1.229,23.850,274.071,586.495,297.546,222.267
2005-06-01,0.809,21.883,322.012,408.231,261.985,189.732
2005-07-01,1.760,16.200,145.984,274.576,184.524,122.346
2005-08-01,1.862,32.539,288.067,332.366,183.409,150.110
2005-09-01,18.765,34.837,62.823,88.159,187.027,92.831
2005-10-01,0.675,9.136,47.047,80.485,242.742,100.069
2005-11-01,2.527,7.273,48.704,221.286,282.382,134.298
2005-12-01,24.701,2.508,23.236,65.268,131.303,62.781
2006-01-01,70.563,16.126,12.560,143.319,299.652,142.635
2006-02-01,51.709,15.597,16.468,49.615,177.076,83.660
2006-03-01,34.878,1.497,5.663,111.480,380.419,153.006
2006-04-01,6.924,2.054,50.447,206.539,311.387,142.369
2006-05-01,4.971,12.824,93.818,205.371,209.312,114.474
2006-06-01,4.390,18.695,246.235,454.084,194.485,165.129
2006-07-01,0.837,45.519,328.943,459.352,259.470,200.711
2006-08-01,7.381,21.267,155.891,287.643,219.590,139.328
2006-09-01,1.447,5.495,64.949,173.152,242.685,115.436
2006-10-01,2.558,9.809,101.125,198.721,288.064,139.637
2006-11-01,4.571,4.218,17.860,78.248,271.224,105.962
2006-12-01,7.899,3.932,25.476,189.470,441.168,180.705
2007-01-01,32.629,10.211,13.276,45.138,219.173,91.098
2007-02-01,27.042,9.624,41.067,67.877,194.181,87.964
2007-03-01,15.575,4.193,36.688,60.740,246.992,100.348
2007-04-01,1.845,7.053,30.397,172.895,357.903,150.013
2007-05-01,2.027,24.593,41.241,108.277,222.172,99.183
2007-06-01,4.521,43.939,140.769,238.295,305.658,161.647
2007-07-01,3.228,23.984,174.814,309.620,197.363,136.776
2007-08-01,1.789,14.238,98.660,195.214,276.116,135.297
2007-09-01,5.884,9.777,30.459,155.555,199.083,95.860
2007-10-01,1.791,6.079,31.265,165.241,340.530,143.039
2007-11-01,3.961,6.300,16.138,56.853,221.592,86.202
2007-12-01,8.349,6.173,18.091,73.105,276.852,108.353
2008-01-01,79.742,12.702,8.587,55.345,214.647,102.689
2008-02-01,17.205,7.792,16.276,37.569,242.147,93.803
2008-03-01,14.783,11.329,22.855,65.555,183.257,78.944
2008-04-01,2.600,6.385,63.816,138.194,334.341,141.214
2008-05-01,0.984,27.331,325.104,407.782,284.140,198.289
2008-06-01,3.915,27.317,130.459,226.959,270.438,144.369
2008-07-01,1.709,18.053,134.363,398.806,265.088,166.277
2008-08-01,1.366,30.601,231.892,441.419,233.092,175.429
2008-09-01,1.866,16.565,47.292,98.790,120.520,63.356
2008-10-01,1.051,4.103,28.272,89.995,266.097,106.333
2008-11-01,0.757,5.553,10.503,97.432,325.528,125.252
2008-12-01,19.072,7.389,13.344,40.256,224.266,88.277
2009-01-01,21.317,15.246,10.283,36.590,312.680,118.619
2009-02-01,30.199,13.226,16.106,66.245,331.267,131.800
2009-03-01,19.252,5.496,4.885,67.171,301.542,116.761
2009-04-01,8.394,1.215,8.940,129.155,330.094,132.503
2009-05-01,2.990,12.710,112.241,371.074,358.713,190.333
2009-06-01,1.120,19.522,200.749,272.846,243.661,148.818
2009-07-01,9.617,24.179,109.801,187.596,221.505,120.727
2009-08-01,2.502,23.771,179.115,455.715,329.188,202.484
2009-09-01,1.900,11.101,113.064,124.806,240.856,114.533
2009-10-01,0.674,4.278,65.598,251.539,278.735,138.649
2009-11-01,6.395,6.099,42.051,201.934,303.783,138.602
2009-12-01,9.216,3.670,8.309,121.350,262.004,109.114
2010-01-01,24.036,14.415,9.449,70.233,423.778,161.101
2010-02-01,23.447,2.638,16.942,131.128,225.883,102.944
2010-03-01,8.496,2.471,3.111,87.318,213.460,86.934
2010-04-01,4.960,3.256,8.255,69.638,264.753,101.331
2010-05-01,19.159,82.252,70.915,125.572,307.317,146.560
2010-06-01,1.196,22.529,194.625,349.650,332.327,189.386
2010-07-01,1.849,17.521,131.825,307.690,241.162,144.604
2010-08-01,1.043,8.947,73.862,293.140,252.020,137.599
2010-09-01,0.923,21.003,39.458,77.172,212.353,90.330
2010-10-01,1.668,6.789,44.322,126.046,298.913,125.065
2010-11-01,0.803,11.891,41.310,112.367,261.671,110.798
2010-12-01,11.297,5.105,29.953,112.734,313.260,128.331
2011-01-01,36.115,6.155,25.390,107.128,279.892,122.190
2011-02-01,73.215,20.281,21.998,54.953,226.051,107.551
2011-03-01,15.326,13.568,28.624,135.047,343.389,143.755
2011-04-01,11.852,3.994,68.891,178.357,336.270,150.316
2011-05-01,3.046,7.098,25.339,123.837,333.330,134.324
2011-06-01,10.917,58.418,164.898,278.654,278.758,165.238
2011-07-01,24.546,51.596,127.029,276.626,282.085,163.866
2011-08-01,0.912,13.389,196.318,333.353,156.798,127.166
2011-09-01,2.287,1.754,43.107,216.910,287.536,133.824
2011-10-01,1.576,12.803,29.767,70.419,184.335,77.762
2011-11-01,2.039,3.535,27.926,113.246,258.148,107.201
2011-12-01,26.833,8.597,11.604,36.403,150.097,64.857
2012-01-01,56.637,18.240,18.095,114.297,233.194,113.688
2012-02-01,99.610,22.579,35.264,189.860,250.544,144.034
2012-03-01,36.590,4.805,3.553,59.664,260.535,106.051
2012-04-01,14.893,26.327,31.640,75.152,285.206,117.704
2012-05-01,1.370,13.220,152.734,286.968,333.455,174.176
2012-06-01,1.969,15.203,214.597,371.997,328.947,193.062
2012-07-01,3.654,2.449,42.405,175.712,310.072,135.683
2012-08-01,1.391,25.721,114.972,212.708,264.476,137.545
2012-09-01,1.759,7.215,25.164,122.598,244.376,104.109
2012-10-01,3.080,7.058,87.364,90.985,264.967,114.216
2012-11-01,1.748,3.273,37.917,58.590,245.477,96.074
2012-12-01,30.720,3.459,94.783,315.943,314.318,170.908
2013-01-01,48.571,26.285,18.870,34.825,186.014,85.564
2013-02-01,45.674,12.464,28.903,120.273,175.943,93.153
2013-03-01,8.788,2.233,9.224,71.481,207.274,83.331
2013-04-01,0.918,2.029,13.435,108.668,259.282,104.649
2013-05-01,8.576,39.151,180.825,318.249,348.314,192.761
2013-06-01,11.305,12.583,113.209,274.931,412.057,196.265
2013-07-01,7.838,25.404,105.587,217.953,256.525,136.087
2013-08-01,9.098,12.547,96.216,301.305,354.092,178.145
2013-09-01,2.161,6.720,71.800,206.427,165.306,95.654
2013-10-01,1.109,2.918,31.423,86.685,217.413,89.812
2013-11-01,2.127,11.373,21.673,101.140,257.802,105.736
2013-12-01,22.354,10.460,7.271,33.932,319.705,119.764
2014-01-01,51.433,14.076,13.314,104.287,317.782,137.972
2014-02-01,9.492,3.376,13.260,61.719,205.365,82.101
2014-03-01,5.933,4.110,29.423,139.152,261.247,113.269
2014-04-01,6.886,3.257,14.790,118.463,222.374,95.598
2014-05-01,15.096,26.512,126.159,278.379,306.203,165.998
2014-06-01,2.887,24.747,206.551,380.795,279.420,178.472
2014-07-01,2.483,10.644,136.155,355.700,237.218,149.980
2014-08-01,2.814,5.999,118.909,238.573,306.878,153.411
2014-09-01,2.412,24.789,140.002,268.616,243.382,141.835
2014-10-01,6.142,9.821,25.762,142.884,226.754,102.748
2014-11-01,3.419,4.867,26.467,68.891,379.697,141.670
2014-12-01,5.902,3.407,26.244,57.275,332.652,124.639
2015-01-01,36.360,4.842,2.844,8.417,181.220,71.927
2015-02-01,56.929,9.730,9.501,14.123,162.445,73.178
2015-03-01,84.846,65.779,12.556,35.754,361.245,158.381
2015-04-01,11.449,3.126,12.805,116.555,283.061,116.469
2015-05-01,4.212,6.261,30.146,280.424,384.652,175.125
2015-06-01,0.805,0.224,64.445,368.312,339.862,175.442
2015-07-01,4.442,37.476,212.415,416.204,341.569,207.389
2015-08-01,12.175,72.877,255.096,398.428,268.745,192.815
2015-09-01,2.194,18.745,116.546,155.402,175.165,98.696
2015-10-01,7.653,40.688,137.067,122.848,149.245,92.377
2015-11-01,2.083,8.840,43.474,91.333,220.516,94.109
2015-12-01,2.394,5.712,10.506,82.595,266.569,103.826
2016-01-01,13.563,6.367,22.141,40.441,124.526,54.531
2016-02-01,48.580,3.474,5.046,33.740,264.607,106.608
2016-03-01,3.920,6.016,3.323,37.049,218.216,80.570
2016-04-01,10.503,39.827,201.337,166.218,168.892,113.670
2016-05-01,3.179,39.744,96.599,86.028,28.685,40.556
2016-06-01,4.980,54.205,57.108,39.498,182.587,82.940
2016-07-01,8.865,36.958,193.497,265.516,190.115,133.500
2016-08-01,2.556,7.493,52.436,294.152,293.285,149.092
2016-09-01,1.684,0.844,17.779,96.933,119.924,56.936
2016-10-01,1.535,10.822,92.893,165.033,215.034,109.214
2016-11-01,2.244,10.295,28.041,89.573,283.924,113.410
2016-12-01,12.723,15.929,34.452,124.451,350.517,144.989
2017-01-01,70.595,16.885,5.902,79.013,379.316,159.143
2017-02-01,45.853,21.114,21.406,105.485,260.669,119.697
2017-03-01,34.960,8.319,21.179,88.493,175.765,84.209
2017-04-01,7.595,7.272,51.100,139.016,237.098,108.699
2017-05-01,16.840,110.962,139.628,219.131,324.293,177.915
2017-06-01,24.461,44.925,215.006,351.592,278.568,183.330
2017-07-01,1.098,4.227,92.273,205.012,377.555,168.180
2017-08-01,2.644,18.813,172.222,400.421,371.302,206.925
2017-09-01,2.192,13.269,74.775,155.178,300.041,134.488
2017-10-01,1.461,7.330,74.118,269.460,358.467,169.580
2017-11-01,3.052,5.200,48.966,82.567,206.936,88.664
2017-12-01,12.159,3.255,8.836,105.754,339.957,133.605
2018-01-01,35.458,12.578,15.041,65.827,327.401,131.541
2018-02-01,66.717,19.130,11.706,34.821,217.370,98.658
2018-03-01,14.103,1.969,25.437,184.716,378.906,160.477
2018-04-01,5.026,3.431,44.131,202.722,378.753,163.269
2018-05-01,1.165,12.625,76.859,212.586,241.257,123.156
2018-06-01,9.120,25.534,111.912,278.540,258.890,146.849
2018-07-01,13.435,38.219,115.161,163.904,169.598,103.607
2018-08-01,4.037,4.264,67.411,241.752,300.407,145.516
2018-09-01,0.549,3.550,127.717,279.887,275.066,148.971
2018-10-01,2.286,18.425,82.603,196.124,199.761,108.724
2018-11-01,1.527,5.371,47.570,173.838,280.079,125.917
2018-12-01,16.239,5.217,17.411,75.695,265.725,106.770
2019-01-01,66.704,11.815,14.485,52.359,283.218,122.468
2019-02-01,72.978,9.854,7.978,25.440,187.727,87.133
2019-03-01,7.749,1.953,8.357,65.494,224.845,87.916
2019-04-01,6.042,6.414,11.632,74.434,321.107,122.000
2019-05-01,3.938,21.728,121.623,258.966,262.829,144.618
2019-06-01,3.650,12.983,161.465,405.756,265.372,170.415
2019-07-01,4.649,6.103,54.368,346.846,267.449,148.727
2019-08-01,0.569,0.581,36.453,190.173,251.975,116.625
2019-09-01,10.470,15.624,58.916,115.850,209.996,99.162
2019-10-01,1.348,7.119,35.719,130.015,208.342,94.324
2019-11-01,9.228,3.211,9.942,125.578,360.173,142.650
2019-12-01,11.339,2.931,9.877,55.058,336.055,124.758
2020-01-01,65.005,20.522,11.773,61.086,288.834,126.152
2020-02-01,47.836,2.784,2.771,50.673,248.262,103.063
2020-03-01,33.039,3.418,1.688,57.361,252.348,101.658
2020-04-01,4.394,4.577,28.971,115.001,214.649,93.802
2020-05-01,1.337,10.750,32.604,203.299,333.287,146.928
2020-06-01,2.578,50.522,307.007,409.890,334.251,216.961
2020-07-01,1.190,10.035,186.692,373.449,143.186,126.893
2020-08-01,12.731,11.277,67.081,204.628,296.834,142.066
2020-09-01,2.673,2.461,29.216,122.456,262.976,110.318
2020-10-01,7.206,6.190,14.884,83.845,278.076,109.660
2020-11-01,2.455,4.197,9.785,66.850,254.833,97.307
2020-12-01,24.536,1.427,9.129,94.460,285.677,116.694
2021-01-01,30.043,14.353,82.292,90.204,233.710,110.885
2021-02-01,17.083,7.174,11.007,18.943,117.397,48.655
2021-03-01,24.623,12.120,17.602,38.454,206.030,84.531
2021-04-01,3.896,1.239,16.250,103.017,313.630,122.943
2021-05-01,6.474,12.372,82.269,242.421,200.218,115.766
2021-06-01,2.088,23.706,96.802,269.876,248.567,138.268
2021-07-01,4.326,8.702,26.379,128.769,369.156,147.694
2021-08-01,2.509,9.941,171.177,284.717,259.232,151.099
2021-09-01,1.670,4.217,71.281,118.195,223.731,101.701
2021-10-01,1.184,2.659,22.203,84.988,310.511,119.516
2021-11-01,4.961,2.262,13.790,61.451,203.239,80.115
2021-12-01,53.553,10.787,11.287,44.008,172.858,80.554
2022-01-01,54.429,35.218,13.343,111.049,236.333,115.638
2022-02-01,18.633,5.081,14.291,65.012,178.677,76.338
2022-03-01,23.150,4.464,5.319,115.125,292.616,121.673
2022-04-01,1.423,1.850,98.287,273.823,267.287,141.883
2022-05-01,0.640,5.219,59.791,136.806,218.627,101.215
2022-06-01,9.136,37.788,111.654,302.301,216.382,137.912
2022-07-01,2.185,69.961,199.704,392.529,250.100,176.068
2022-08-01,1.039,12.985,91.852,199.583,275.475,134.523
2022-09-01,0.584,4.611,41.570,98.665,266.213,109.211
2022-10-01,0.359,3.936,29.004,148.497,267.940,115.398
2022-11-01,3.990,6.351,24.860,63.007,170.872,71.238
2022-12-01,25.037,8.701,16.806,67.729,293.944,117.675
2023-01-01,21.693,12.233,11.732,29.471,217.533,85.628
2023-02-01,45.745,18.767,2.649,31.197,292.385,116.770
2023-03-01,28.791,3.558,1.408,88.502,377.612,146.969
2023-04-01,4.977,1.799,57.130,145.275,260.639,116.744
2023-05-01,2.244,4.669,67.598,187.445,307.921,139.713
2023-06-01,0.835,6.675,277.161,394.779,251.299,176.513
2023-07-01,1.078,7.491,138.469,310.805,254.749,148.729
2023-08-01,0.669,7.245,285.265,337.863,318.249,191.570
2023-09-01,0.787,11.508,173.402,302.898,174.916,125.671
2023-10-01,2.809,6.364,63.371,109.373,226.411,100.949
2023-11-01,9.004,9.915,66.471,178.061,299.023,137.701
2023-12-01,14.545,1.671,6.631,52.215,183.367,73.574
2024-01-01,23.075,4.082,2.796,17.877,233.934,87.467
2024-02-01,49.861,14.760,10.037,36.340,217.297,93.782
2024-03-01,27.530,3.364,8.506,132.369,361.580,148.550
2024-04-01,10.478,42.290,68.025,231.068,268.984,140.764
2024-05-01,1.800,36.407,132.869,217.964,124.502,95.420
2024-06-01,0.817,33.638,368.172,512.552,195.259,190.051
2024-07-01,0.849,2.752,6.866,98.027,239.767,95.866
2024-08-01,2.072,43.030,155.056,195.630,180.484,114.588
2024-09-01,0.497,0.825,72.852,278.782,371.597,173.973
2024-10-01,5.385,24.440,43.920,56.186,224.686,93.546
2024-11-01,10.566,2.447,15.803,148.352,288.383,122.941
2024-12-01,1.397,3.546,5.869,41.204,163.651,62.267
2025-01-01,34.519,12.730,6.854,32.655,280.113,109.689
2025-02-01,44.629,6.427,0.855,42.492,268.557,108.145
2025-03-01,25.161,2.724,26.404,113.104,280.747,120.220
2025-04-01,3.617,0.996,34.486,184.406,174.432,90.472
2025-05-01,1.145,3.222,106.217,242.155,308.316,152.047
2025-06-01,10.803,22.553,137.448,222.082,238.640,134.907
2025-07-01,5.055,8.415,76.130,226.976,308.649,148.033
2025-08-01,4.174,52.487,138.080,180.354,164.412,106.849
2025-09-01,3.579,8.322,74.297,204.037,236.700,120.042
2025-10-01,1.069,2.532,35.097,134.050,361.810,145.343
2025-11-01,1.191,3.372,15.460,55.603,216.411,83.080
2025-12-01,10.019,8.818,27.360,85.725,336.448,132.036
